sequence,ptms,negative_isotopes,Normal03,Normal07,Normal08,Normal09,Normal10,Negative03,Negative07,Negative08,Negative09,Negative10,norm/neg03,norm/neg07,norm/neg08,norm/neg09,norm/neg10
GKGGKGLGKGGAKR,[N-term] Propionyl Heavy N-term (N-term)|[2] Propionyl Heavy K (K)|[5] Propionyl Heavy K (K)|[9] Propionyl Heavy K (K)|[13] EG Acetyl ENKEL K (K)|[13] Propionyl Heavy K (K),3,286846.331277665,219845.014939481,232821.188607638,258569.742834681,267020.530753825,320366.0472,247088.8092,263426.702,290454.9226,299553.2252,0.89537057308258,0.88974088163391,0.883817725538082,0.890223310798455,0.891395946665391
GKGGKGLGKGGAKR,[N-term] Propionyl Heavy N-term (N-term)|[2] Propionyl Heavy K (K)|[5] Propionyl Heavy K (K)|[9] Propionyl Heavy K (K)|[13] Propionyl Heavy K (K),3,374846.63663609,310283.771414448,307121.87876896,335249.26297273,347053.541446517,436422.9529,362304.2217,358498.4424,391939.1496,406122.2372,0.858906787888355,0.856417763940309,0.856689576425786,0.855360489797649,0.854554391897546
GKGGKGLGKGGAKR,[N-term] Propionyl Heavy N-term (N-term)|[2] EG Formyl (K)|[2] Propionyl Heavy K (K)|[5] Propionyl Heavy K (K)|[9] Propionyl Heavy K (K)|[13] Propionyl Heavy K (K),2,10014.4126900683,15540.6016721682,8719.29352429674,8374.35050639626,25170.468218342,10955.286,17022.85383,9567.482588,9142.976509,27739.8108,0.914116955967037,0.912925754245767,0.911346683320114,0.915932628521233,0.907377069000846
GKGGKGLGKGGAKR,[N-term] Propionyl Heavy N-term (N-term)|[2] EG Formyl (K)|[2] Propionyl Heavy K (K)|[5] Propionyl Heavy K (K)|[9] Propionyl Heavy K (K)|[13] EG Acetyl ENKEL K (K)|[13] Propionyl Heavy K (K),2,7222.44366741028,9158.22002902603,6241.28368713058,6895.77241172836,11892.0037060642,7708.358583,9810.298781,6669.77199,7363.392648,12935.96384,0.936962595816267,0.933531203632974,0.935756679012138,0.936493915423802,0.919297846929062
GKGGKGLGKGGAKR,[N-term] Propionyl Heavy N-term (N-term)|[2] EG Formyl (K)|[2] Propionyl Heavy K (K)|[5] Propionyl Heavy K (K)|[9] EG Acetyl ENKEL K (K)|[9] Propionyl Heavy K (K)|[13] Propionyl Heavy K (K),1,1831.21181113025,2247.16488775062,1978.44147636768,2125.4055222257,3857.74494232599,1937.070387,2412.150849,2099.621053,2275.312017,4096.992225,0.945351198087491,0.931602137852292,0.942285024976686,0.93411607126659,0.941604164827525
GKGGKGLGKGGAKR,[N-term] Propionyl Heavy N-term (N-term)|[2] Propionyl Heavy K (K)|[5] Propionyl Heavy K (K)|[9] EG Formyl (K)|[9] Propionyl Heavy K (K)|[13] Propionyl Heavy K (K),1,685.61191588283,972.974620410925,704.474301235425,882.702834306533,1092.11885357346,730.4219343,1052.317968,726.0742798,924.1824903,1138.211711,0.938651871866206,0.924601356242285,0.970251007141411,0.955117461725549,0.959504144105103
GKGGKGLGKGGAKR,[N-term] Propionyl Heavy N-term (N-term)|[2] Propionyl Heavy K (K)|[5] Propionyl Heavy K (K)|[9] EG Acetyl ENKEL K (K)|[9] Propionyl Heavy K (K)|[13] Propionyl Heavy K (K),1,84595.2721081428,50725.2374909368,67441.4442619943,79617.5955864235,59016.8391813584,89928.24349,54136.54672,72126.89987,84599.72287,63040.06806,0.940697480848158,0.936986944388846,0.93503872180212,0.941109413665193,0.93617981384772
GKGGKGLGKGGAKR,[N-term] Propionyl Heavy N-term (N-term)|[2] Propionyl Heavy K (K)|[5] Propionyl Heavy K (K)|[9] EG Acetyl ENKEL K (K)|[9] Propionyl Heavy K (K)|[13] EG Acetyl ENKEL K (K)|[13] Propionyl Heavy K (K),2,92049.369175745,56258.2384099855,63184.7216729956,61028.8509809301,80176.25993617,98777.80218,60402.00834,67622.74863,65881.83588,86122.87369,0.931883147268311,0.931396818683753,0.934370799074033,0.926338043950243,0.930951981755336
GKGGKGLGKGGAKR,[N-term] Propionyl Heavy N-term (N-term)|[2] EG Acetyl ENKEL K (K)|[2] Propionyl Heavy K (K)|[5] Propionyl Heavy K (K)|[9] EG Acetyl ENKEL K (K)|[9] Propionyl Heavy K (K)|[13] Propionyl Heavy K (K),1,11861.3148533191,7687.94042433133,8347.43109159429,10066.3626204642,10103.3579097104,12635.80368,8169.722403,8880.35218,10725.01203,10782.4467,0.938706801221772,0.941028353853032,0.939988743959284,0.938587536527379,0.93701904501048
GKGGKGLGKGGAKR,[N-term] Propionyl Heavy N-term (N-term)|[2] EG Acetyl ENKEL K (K)|[2] Propionyl Heavy K (K)|[5] Propionyl Heavy K (K)|[9] EG Acetyl ENKEL K (K)|[9] Propionyl Heavy K (K)|[13] EG Acetyl ENKEL K (K)|[13] Propionyl Heavy K (K),2,20734.9542434414,13017.2786821488,12794.6177180118,13281.4630342669,13660.6693931953,21663.85998,13676.16001,13389.07267,13952.04072,14325.71521,0.957121873137282,0.951822636809644,0.955601484386581,0.951936946057515,0.953576780840899
KSAPATGGVKKPHR,[N-term] Propionyl Heavy N-term (N-term)|[1] EG Dimethyl enkel K (K)|[1] Propionyl Heavy K (K)|[10] Propionyl Heavy K (K)|[11] Propionyl Heavy K (K),3,569989.138411094,585468.633706873,735569.202800483,693596.391717894,617840.646881858,620992.9112,637043.0278,801564.752,755994.5225,676295.3187,0.917867383235749,0.919040956666244,0.917666602685747,0.91746219195377,0.913566351559988
KSAPATGGVKKPHR,[N-term] Propionyl Heavy N-term (N-term)|[1] EG Dimethyl enkel K (K)|[1] Propionyl Heavy K (K)|[10] Propionyl Heavy + Me (K) (K)|[10] Propionyl Heavy K (K)|[11] Propionyl Heavy K (K),2,250914.816325509,213082.518958862,275551.039299221,270053.289754079,266067.938356462,271413.069,230709.0582,297978.9771,292705.5674,287433.0848,0.92447580822097,0.923598408408144,0.924733153932358,0.922610704513983,0.925669146756699
KSAPATGGVKKPHR,[N-term] Propionyl Heavy N-term (N-term)|[1] Propionyl Heavy K (K)|[10] Propionyl Heavy K (K)|[11] Propionyl Heavy K (K),2,162781.563780144,200190.323654669,224483.819087379,198936.611341372,202073.28478746,181233.5492,221357.8279,250745.764,221926.6139,225914.1386,0.898186701627228,0.904374268368347,0.8952646517585,0.896407185444702,0.894469403463268
KSAPATGGVKKPHR,[N-term] Propionyl Heavy N-term (N-term)|[1] EG Dimethyl enkel K (K)|[1] Propionyl Heavy K (K)|[10] EG Dimethyl enkel K (K)|[10] Propionyl Heavy K (K)|[11] Propionyl Heavy K (K),2,217703.190354565,241507.895084883,257080.886150898,262494.178705943,222159.310706262,229583.5809,254740.1515,271349.4203,276731.2166,233112.3697,0.948252438180195,0.948055866587184,0.947416382414501,0.948552830183102,0.953013823299751
KSAPATGGVKKPHR,[N-term] Propionyl Heavy N-term (N-term)|[1] Propionyl Heavy + Me (K) (K)|[1] Propionyl Heavy K (K)|[10] EG Dimethyl enkel K (K)|[10] Propionyl Heavy K (K)|[11] Propionyl Heavy K (K),2,181865.224305133,186753.78897167,260880.256943152,172089.053493964,209535.996267441,197298.7214,201981.4089,281216.5579,187241.1261,227139.4324,0.921775990308739,0.924608804289165,0.927684553467582,0.91907721918985,0.922499427129153
KSAPATGGVKKPHR,[N-term] Propionyl Heavy N-term (N-term)|[1] EG Dimethyl enkel K (K)|[1] Propionyl Heavy K (K)|[10] Propionyl Heavy K (K)|[11] Propionyl Heavy K (K),3,159209.594173748,184307.591647573,178964.770621084,184962.148359739,193714.037011297,170986.5702,199102.2667,194000.0963,198792.9345,207290.761,0.931123385816344,0.925693085781293,0.922498359713876,0.930426168439799,0.934503959929488
KSAPATGGVKKPHR,[N-term] Propionyl Heavy N-term (N-term)|[1] Propionyl Heavy + Me (K) (K)|[1] Propionyl Heavy K (K)|[10] Propionyl Heavy K (K)|[11] Propionyl Heavy K (K),3,143616.112676823,167115.027548936,158229.27871318,148375.250521053,187999.4757267,159255.0622,184886.9808,176961.7229,165582.7305,208339.2448,0.901799356911262,0.903876664683661,0.894144090146514,0.896079259431303,0.902371878650009
KSAPATGGVKKPHR,[N-term] Propionyl Heavy N-term (N-term)|[1] Propionyl Heavy K (K)|[10] EG Trimethyl (K)|[10] Propionyl Heavy K (K)|[11] Propionyl Heavy K (K),1,48488.1718061555,37478.0811455816,43538.178676127,46176.1259268747,45496.4684078902,51898.43363,40674.37173,47033.54963,49863.83533,48998.3632,0.934289696522301,0.92141757946169,0.925683454015907,0.92604440916508,0.928530371967409
KSAPATGGVKKPHR,[N-term] Propionyl Heavy N-term (N-term)|[1] EG Trimethyl (K)|[1] Propionyl Heavy K (K)|[10] Propionyl Heavy + Me (K) (K)|[10] Propionyl Heavy K (K)|[11] Propionyl Heavy K (K),2,43984.8670550344,48662.2587498954,38589.4733572407,38577.7694896951,41459.9492377577,47252.26291,52373.61633,41664.98933,41829.549,44769.10751,0.930852076625644,0.929136885321805,0.926184645136946,0.922261186456854,0.926083890068545
KSAPATGGVKKPHR,[N-term] Propionyl Heavy N-term (N-term)|[1] Propionyl Heavy K (K)|[10] Propionyl Heavy + Me (K) (K)|[10] Propionyl Heavy K (K)|[11] Propionyl Heavy K (K),2,37674.1016359192,26728.2984238102,26480.9210401732,30214.7730688684,28233.630076432,41396.67285,29300.72904,29127.59645,33050.76026,31165.90628,0.910075594056328,0.912205917720408,0.909135125022415,0.914192981679641,0.905913976085794
KSAPATGGVKKPHR,[N-term] Propionyl Heavy N-term (N-term)|[1] EG Dimethyl enkel K (K)|[1] Propionyl Heavy K (K)|[10] Propionyl Heavy K (K)|[11] Propionyl Heavy K (K),2,25255.7943563977,27061.7432271941,26326.0398436641,21504.2679602998,25107.7923086809,27200.0664,29290.31913,28747.09795,23360.41658,27315.24492,0.928519584657988,0.92391424986137,0.915780782096793,0.920543000021269,0.919186058269504
KSAPATGGVKKPHR,[N-term] Propionyl Heavy N-term (N-term)|[1] Propionyl Heavy + Me (K) (K)|[1] Propionyl Heavy K (K)|[10] Propionyl Heavy + Me (K) (K)|[10] Propionyl Heavy K (K)|[11] Propionyl Heavy K (K),2,25069.6320756316,27808.1906942065,26774.4039563409,26927.5788445197,27014.358402206,27903.84879,31179.99064,29761.62545,30145.42547,30216.92819,0.898429183167588,0.891860136049306,0.899628415837781,0.893255889564981,0.8940140517376
KSAPATGGVKKPHR,[N-term] Propionyl Heavy N-term (N-term)|[1] EG Dimethyl enkel K (K)|[1] Propionyl Heavy K (K)|[10] EG Dimethyl enkel K (K)|[10] Propionyl Heavy K (K)|[11] Propionyl Heavy K (K),1,27298.7613645893,33817.3854332538,30076.8481826245,26361.1523346257,23632.3293957651,28577.31625,35584.20584,31555.21087,27611.33381,24729.54189,0.955259798568009,0.950348184959066,0.953149966467789,0.95472216286337,0.955631507485442
KSAPATGGVKKPHR,[N-term] Propionyl Heavy N-term (N-term)|[1] EG Acetyl ENKEL K (K)|[1] Propionyl Heavy K (K)|[10] EG Dimethyl enkel K (K)|[10] Propionyl Heavy K (K)|[11] Propionyl Heavy K (K),1,5977.61191773337,3126.16531273941,4372.48484029704,4729.40798317948,3551.71098456049,6292.899465,3277.340483,4620.092544,4951.887568,3746.615613,0.94989788903824,0.953872607669311,0.946406332482555,0.955071761673624,0.947978482830416
KSAPATGGVKKPHR,[N-term] Propionyl Heavy N-term (N-term)|[1] EG Dimethyl enkel K (K)|[1] Propionyl Heavy K (K)|[10] Propionyl Heavy K (K)|[11] Propionyl Heavy K (K),1,3281.97151039425,3183.87476185624,3502.76659127356,4433.70503845387,2247.12957265173,3534.994148,3431.620102,3710.222724,4767.467292,2422.786194,0.928423463515802,0.927805137870777,0.944085261678636,0.929991705636618,0.927498092162123
KSAPATGGVKKPHR,[N-term] Propionyl Heavy N-term (N-term)|[1] Propionyl Heavy K (K)|[10] Propionyl Heavy K (K)|[11] Propionyl Heavy K (K),1,2870.29864784921,3552.61446510515,4746.12615310788,3793.8150553586,3734.88216726413,3098.581438,3863.393466,5169.764162,4185.729875,4136.305002,0.926326677313946,0.919558024925528,0.91805467413658,0.906368821843431,0.90295134557491
KSAPATGGVKKPHR,[N-term] Propionyl Heavy N-term (N-term)|[1] EG Dimethyl enkel K (K)|[1] Propionyl Heavy K (K)|[10] Propionyl Heavy + Me (K) (K)|[10] Propionyl Heavy K (K)|[11] Propionyl Heavy K (K),1,7654.47257838274,5939.15709562782,9072.75500939303,7665.44674761713,9606.64102694185,8188.816183,6355.62792,9705.928355,8243.172195,10309.66147,0.93474714871161,0.934472119888953,0.934764267523076,0.929914669533011,0.931809551157052
KSAPATGGVKKPHR,[N-term] Propionyl Heavy N-term (N-term)|[1] Propionyl Heavy + Me (K) (K)|[1] Propionyl Heavy K (K)|[10] Propionyl Heavy K (K)|[11] Propionyl Heavy K (K),1,2544.18719276213,2553.05511853882,2660.28803901706,2396.08146890274,2621.51566037353,2825.415127,2784.039567,2955.894637,2633.394791,2900.426903,0.900464915208239,0.917032627266112,0.899994203351254,0.909883120104774,0.903837865268046
KSAPATGGVKKPHR,[N-term] Propionyl Heavy N-term (N-term)|[1] EG Acetyl ENKEL K (K)|[1] Propionyl Heavy K (K)|[10] Propionyl Heavy K (K)|[11] Propionyl Heavy K (K),2,3379.50087284106,6100.25832811861,2565.36613634792,2320.55491563017,6618.94931816609,3668.746373,6610.655389,2771.109294,2516.21286,7147.246048,0.921159581297952,0.922791761051305,0.925754224816194,0.922241099916392,0.926083875343603
KSAPATGGVKKPHR,[N-term] Propionyl Heavy N-term (N-term)|[1] Propionyl Heavy + Me (K) (K)|[1] Propionyl Heavy K (K)|[10] EG Dimethyl enkel K (K)|[10] Propionyl Heavy K (K)|[11] Propionyl Heavy K (K),1,5154.56633972955,4928.30559851429,7749.54502177108,4346.17932628164,4912.2086679403,5561.27426,5293.602338,8314.016647,4687.257037,5260.242559,0.926867854154265,0.930992787867076,0.932106026581917,0.927232983378982,0.933836912051853
KSAPATGGVKKPHR,[N-term] Propionyl Heavy N-term (N-term)|[1] Propionyl Heavy K (K)|[10] EG Dimethyl enkel K (K)|[10] Propionyl Heavy K (K)|[11] Propionyl Heavy K (K),1,4952.3096862657,4752.13212643924,4652.48071050512,4782.35438330607,5635.38427109007,5342.31057,5130.243894,5029.496193,5143.456678,6074.068715,0.926997714074437,0.926297506439611,0.92503911564351,0.929793849292351,0.927777497342664
KSAPATGGVKKPHR,[N-term] Propionyl Heavy N-term (N-term)|[1] EG Formyl (K)|[1] Propionyl Heavy K (K)|[10] EG Dimethyl enkel K (K)|[10] Propionyl Heavy K (K)|[11] Propionyl Heavy K (K),1,2165.19591509313,3576.7052644731,1831.17611337647,1459.21573612847,4038.40436573055,2274.857495,3749.355572,1973.994748,1537.15922,4264.882083,0.951794088136114,0.9539520047615,0.927649941942232,0.949293812340709,0.946897074089762
KSAPATGGVKKPHR,[N-term] Propionyl Heavy N-term (N-term)|[1] Propionyl Heavy + Me (K) (K)|[1] Propionyl Heavy K (K)|[10] EG Dimethyl enkel K (K)|[10] Propionyl Heavy K (K)|[11] Propionyl Heavy K (K),3,2499.70771583606,2080.43031895077,2333.45543204732,2691.94966245133,2683.04175944115,3290.140466,2764.26341,3118.966322,3420.024609,3572.628007,0.759757141577329,0.752616523962443,0.748150249519533,0.787114120573081,0.750999475507709
KSAPATGGVKKPHR,[N-term] Propionyl Heavy N-term (N-term)|[1] EG Dimethyl enkel K (K)|[1] Propionyl Heavy K (K)|[10] Propionyl Heavy K (K)|[11] Propionyl Heavy + Me (K) (K)|[11] Propionyl Heavy K (K),1,3619.99919619946,3849.41229896066,2367.67875000817,2274.39238895337,2911.44829387765,3861.388837,4115.301636,2505.854795,2397.122847,3087.275525,0.937486316195993,0.935390073302675,0.944858718363276,0.948800930999332,0.943047768267346
KSAPATGGVKKPHR,[N-term] Propionyl Heavy N-term (N-term)|[1] EG Formyl (K)|[1] Propionyl Heavy K (K)|[10] Propionyl Heavy K (K)|[11] Propionyl Heavy K (K),1,3179.79842760866,4386.10176107621,2278.85559321291,2317.19304165486,5579.91012472046,3327.606697,4620.239862,2411.611222,2449.101525,5957.837733,0.955581208102329,0.949323388413337,0.94495147991682,0.946140050953935,0.936566313952086
KSAPATGGVKKPHR,[N-term] Propionyl Heavy N-term (N-term)|[1] EG Dimethyl enkel K (K)|[1] Propionyl Heavy K (K)|[10] EG Dimethyl enkel K (K)|[10] Propionyl Heavy K (K)|[11] Propionyl Heavy K (K),1,1761.4797475461,2200.2523117852,2342.58380024104,2529.23234031007,2157.34449027083,1771.13943,2239.053037,2366.983026,2567.097468,2181.615891,0.994546063234615,0.982670921780939,0.989691845910618,0.985249828585811,0.988874576487411
KSAPATGGVKKPHR,[N-term] Propionyl Heavy N-term (N-term)|[1] EG Trimethyl (K)|[1] Propionyl Heavy K (K)|[10] Propionyl Heavy + Me (K) (K)|[10] Propionyl Heavy K (K)|[11] Propionyl Heavy K (K),1,1133.76271180978,1127.65414346227,1041.39233631663,914.24269392877,1272.19624648861,1394.867469,1253.081745,1131.684191,993.5051981,1376.043497,0.812810347224307,0.899904693338478,0.920214618705962,0.920219336222082,0.924532000087356
KSAPATGGVKKPHR,[N-term] Propionyl Heavy N-term (N-term)|[1] Propionyl Heavy K (K)|[10] EG Trimethyl (K)|[10] Propionyl Heavy K (K)|[11] Propionyl Heavy K (K),1,872.913558189007,564.707223846877,552.813872200404,713.117465137569,731.01149730203,903.890115,579.1988877,562.4116161,731.1942471,749.8678415,0.965729731637796,0.974979814083087,0.982934662754388,0.975277729503308,0.974853776686502
KSAPATGGVKKPHR,[N-term] Propionyl Heavy N-term (N-term)|[1] EG Acetyl ENKEL K (K)|[1] Propionyl Heavy K (K)|[10] Propionyl Heavy K (K)|[11] Propionyl Heavy K (K),1,925.747525252705,1072.85107356871,998.400490579317,1246.43594048226,814.882119666992,937.3225695,1098.237063,1009.083508,1272.132889,820.2908217,0.987650948964699,0.97688478172286,0.989413148331146,0.979800106781344,0.993406360415201
,,1,4971.24818238095,5633.4096159019,7010.04735618523,5840.41797948925,6282.95806912167,5275.045731,5978.347585,7377.818876,6105.077922,6606.247863,0.942408546937572,0.942302122084108,0.950151728309415,0.956649211379099,0.951063023885465
KSAPATGGVKKPHR,[N-term] Propionyl Heavy N-term (N-term)|[1] EG Trimethyl (K)|[1] Propionyl Heavy K (K)|[10] Propionyl Heavy K (K)|[11] Propionyl Heavy K (K),2,129560.759115676,127245.842798174,97736.3674991894,110335.137930383,104630.998079435,139640.1458,137215.9445,105555.4881,118493.3092,112707.9917,0.92781884731945,0.927340064318648,0.925924073285484,0.93115078543509,0.92833699280115
,,1,12142.8376284154,17399.1589801465,19816.704396233,14148.7808593576,14445.1976897242,13046.83771,18696.49081,21286.91756,15185.61734,15585.51228,0.930711172954063,0.93061094496088,0.930933487217066,0.931722467554131,0.926834962509439
KSAPATGGVKKPHR,[N-term] Propionyl Heavy N-term (N-term)|[1] EG Trimethyl (K)|[1] Propionyl Heavy K (K)|[10] EG Dimethyl enkel K (K)|[10] Propionyl Heavy K (K)|[11] Propionyl Heavy K (K),1,33020.5943554734,31246.6443676577,35229.4805128801,35750.8728098838,35516.0921887437,34555.07763,32739.97264,36875.52304,37387.07788,37056.94059,0.955593117429596,0.954388224792899,0.955362191735304,0.956236080408106,0.958419438390656
