sequence,ptms,isotopes,Normal03,Normal07,Normal08,Normal09,Normal10,Negative03,Negative07,Negative08,Negative09,Negative10,norm/neg03,norm/neg07,norm/neg08,norm/neg09,norm/neg10
GKGGKGLGKGGAKR,[N-term] Propionyl:13C(3) (N-term)|[2] Propionyl:13C(3) (K)|[5] Propionyl:13C(3) (K)|[9] Propionyl:13C(3) (K)|[13] Propionyl:13C(3) (K),3,260989.247626879,288121.779730877,308763.978973481,270810.835046684,267905.149135937,271376.3773,299809.1643,321523.9167,281900.5736,278887.4466,0.961724267320297,0.961017253770708,0.960314187953785,0.960660815933452,0.960621040502355
GKGGKGLGKGGAKR,[N-term] Propionyl:13C(3) (N-term)|[2] EG Formyl (K)|[2] Propionyl:13C(3) (K)|[5] Propionyl:13C(3) (K)|[9] Propionyl:13C(3) (K)|[13] Propionyl:13C(3) (K),1,12161.6186533412,15438.0784604772,15228.2056057583,17781.7143388278,15509.6611940842,12565.89649,15983.28465,15720.48813,18401.05947,16042.603,0.967827378095902,0.965888977049358,0.968685290165879,0.966341876554339,0.966779592693542
GKGGKGLGKGGAKR,[N-term] Propionyl:13C(3) (N-term)|[2] EG Formyl (K)|[2] Propionyl:13C(3) (K)|[5] Propionyl:13C(3) (K)|[9] EG Acetyl ENKEL K (K)|[9] Propionyl:13C(3) (K)|[13] EG Acetyl ENKEL K (K)|[13] Propionyl:13C(3) (K),1,3253.87793699077,3237.27236908234,3172.5079721513,3362.23848757883,3380.82721687681,3312.831579,3269.438636,3243.011507,3408.965938,3418.622686,0.982204455432345,0.990161532146995,0.978259856711418,0.986292778727914,0.988944240826
GKGGKGLGKGGAKR,[N-term] Propionyl:13C(3) (N-term)|[2] EG Acetyl ENKEL K (K)|[2] Propionyl:13C(3) (K)|[5] Propionyl:13C(3) (K)|[9] EG Acetyl ENKEL K (K)|[9] Propionyl:13C(3) (K)|[13] EG Acetyl ENKEL K (K)|[13] Propionyl:13C(3) (K),1,22780.7746542671,20452.7010617541,21101.991101488,21272.8640948342,22378.6726423553,23333.94198,20968.26051,21657.4177,21848.85265,22968.92725,0.976293447279203,0.975412388261772,0.97435397856726,0.973637583428629,0.974302038522731
GKGGKGLGKGGAKR,[N-term] Propionyl:13C(3) (N-term)|[2] Propionyl:13C(3) (K)|[5] EG Acetyl ENKEL K (K)|[5] Propionyl:13C(3) (K)|[9] Propionyl:13C(3) (K)|[13] EG Acetyl ENKEL K (K)|[13] Propionyl:13C(3) (K),2,62574.1227818279,56790.116553072,57141.3095129276,56330.5887415965,58019.9775952136,63888.41382,57990.92432,58303.4757,57539.01827,59228.0933,0.979428335130138,0.979293177665149,0.980066948443137,0.978998085738394,0.979602319820307
GKGGKGLGKGGAKR,[N-term] Propionyl:13C(3) (N-term)|[2] Propionyl:13C(3) (K)|[5] Propionyl:13C(3) (K)|[9] EG Acetyl ENKEL K (K)|[9] Propionyl:13C(3) (K)|[13] Propionyl:13C(3) (K),1,41923.2520141378,33598.3468762678,35832.7888266988,35160.6334880885,34477.2029280709,43156.66905,34653.56185,36934.70125,36198.57559,35561.59416,0.971420013105432,0.969549595556735,0.970165931061885,0.971326437988399,0.969506675458637
GKGGKGLGKGGAKR,[N-term] Propionyl:13C(3) (N-term)|[2] Propionyl:13C(3) (K)|[5] Propionyl:13C(3) (K)|[9] Propionyl:13C(3) (K)|[13] EG Acetyl ENKEL K (K)|[13] Propionyl:13C(3) (K),3,237216.671675996,261358.326048838,261463.888978812,253156.220825892,274386.222217696,248284.091,273930.7885,273882.7437,265303.3645,287740.303,0.955424371817669,0.954103507239888,0.954656308194462,0.954214136345384,0.953589814693759
GKGGKGLGKGGAKR,[N-term] Propionyl:13C(3) (N-term)|[2] EG Formyl (K)|[2] Propionyl:13C(3) (K)|[5] Propionyl:13C(3) (K)|[9] Propionyl:13C(3) (K)|[13] EG Acetyl ENKEL K (K)|[13] Propionyl:13C(3) (K),1,6342.06850406916,6395.29888513666,6711.83399967392,6608.21467597465,6269.92014910759,6476.579632,6547.990388,6853.184679,6753.203887,6413.84533,0.979231147368862,0.976681165698843,0.979374453491788,0.978530307473101,0.977560235165133
KSAPATGGVKKPHR,[N-term] Propionyl:13C(3) (N-term)|[1] EG Dimethyl enkel K (K)|[1] Propionyl:13C(3) (K)|[10] Propionyl:13C(3) (K)|[11] Propionyl:13C(3) (K),2,284724.621283233,271262.282096494,307832.776377886,268144.993909503,338088.782868172,291953.1913,280317.837,317900.3666,275942.2299,349156.1712,0.975240654213849,0.967695402474492,0.9683309889517,0.971743230482255,0.968302469654794
KSAPATGGVKKPHR,[N-term] Propionyl:13C(3) (N-term)|[1] Propionyl:13C(3) + Me (K)|[1] Propionyl:13C(3) (K)|[10] Propionyl:13C(3) (K)|[11] Propionyl:13C(3) (K),2,153115.673024534,177357.178674484,163518.852200754,192441.698898437,158439.025982469,158443.1752,183449.4313,169187.6662,198919.5081,163891.017,0.966375944127974,0.966790561396982,0.966493928744517,0.967435023022948,0.96673404609155
KSAPATGGVKKPHR,[N-term] Propionyl:13C(3) (N-term)|[1] Propionyl:13C(3) (K)|[10] Propionyl:13C(3) (K)|[11] Propionyl:13C(3) (K),2,160214.437261585,167244.86815834,140042.163878217,138264.015851158,150078.975231602,165463.9894,172853.6596,144804.771,143061.7985,155329.7968,0.968273748521048,0.967551792339027,0.967110150522713,0.966463565402178,0.966195658034892
KSAPATGGVKKPHR,[N-term] Propionyl:13C(3) (N-term)|[1] EG Dimethyl enkel K (K)|[1] Propionyl:13C(3) (K)|[10] Propionyl:13C(3) + Me (K)|[10] Propionyl:13C(3) (K)|[11] Propionyl:13C(3) (K),1,136130.317365566,104010.885574097,131924.974333314,121804.393901843,114528.005075735,139029.1474,106348.0717,134768.9652,124502.6833,116955.5907,0.979149479885007,0.978023239269481,0.978897286460088,0.978327459885702,0.979243526455337
KSAPATGGVKKPHR,[N-term] Propionyl:13C(3) (N-term)|[1] EG Trimethyl (K)|[1] Propionyl:13C(3) (K)|[10] Propionyl:13C(3) (K)|[11] Propionyl:13C(3) (K),1,85398.4573329453,71055.5159861119,63038.2797277404,62601.8436835112,82630.2731521274,87416.03503,72674.26872,64591.91887,64192.69168,84607.65681,0.97691982144509,0.977725916443345,0.975946849552705,0.975217615045352,0.976628785946488
KSAPATGGVKKPHR,[N-term] Propionyl:13C(3) (N-term)|[1] EG Dimethyl enkel K (K)|[1] Propionyl:13C(3) (K)|[10] Propionyl:13C(3) (K)|[11] Propionyl:13C(3) (K),1,76576.5514704142,71076.743375604,62562.6666957903,72473.6271604993,63167.0438509181,78352.53667,72639.67642,64063.72603,74170.44371,64635.4466,0.97733340520849,0.97848375541544,0.976569278322856,0.977122739670601,0.977281772984889
KSAPATGGVKKPHR,[N-term] Propionyl:13C(3) (N-term)|[1] Propionyl:13C(3) + Me (K)|[1] Propionyl:13C(3) (K)|[10] Propionyl:13C(3) + Me (K)|[10] Propionyl:13C(3) (K)|[11] Propionyl:13C(3) (K),2,52301.1375579801,60226.3642202666,51992.7494870889,59768.668406431,60250.9909471832,53777.80246,62069.47918,53561.44354,61075.82247,62006.82739,0.972541367730334,0.970305615834339,0.970712252149448,0.978597847549068,0.971683175599789
KSAPATGGVKKPHR,[N-term] Propionyl:13C(3) (N-term)|[1] EG Dimethyl enkel K (K)|[1] Propionyl:13C(3) (K)|[10] Propionyl:13C(3) (K)|[11] Propionyl:13C(3) (K),2,39072.2997984235,47703.9354596125,61269.5011293204,48525.7142962693,54023.2329761445,40129.01137,49052.77716,62997.9555,49955.3558,55502.05007,0.973667141663836,0.972502235786001,0.972563325953021,0.971381617029125,0.973355631152536
KSAPATGGVKKPHR,[N-term] Propionyl:13C(3) (N-term)|[1] EG Dimethyl enkel K (K)|[1] Propionyl:13C(3) (K)|[10] Propionyl:13C(3) + Me (K)|[10] Propionyl:13C(3) (K)|[11] Propionyl:13C(3) (K),2,15353.8209679458,14376.2701629597,20046.082945623,16893.9357721108,15207.1073560216,15668.21211,14662.24343,20528.95393,17253.53096,15557.63073,0.979934459666043,0.980495940583337,0.976478539236656,0.979158168335347,0.97746936020904
KSAPATGGVKKPHR,[N-term] Propionyl:13C(3) (N-term)|[1] Propionyl:13C(3) (K)|[10] EG Dimethyl enkel K (K)|[10] Propionyl:13C(3) (K)|[11] Propionyl:13C(3) (K),2,17043.8415641571,17698.9001658105,18093.7756083053,18806.3557759053,16658.1346949309,17405.38905,18072.75257,18463.05028,19196.78367,17022.42794,0.979227842319164,0.979314030735413,0.979999259813818,0.979661806852319,0.978599219432554
KSAPATGGVKKPHR,[N-term] Propionyl:13C(3) (N-term)|[1] Propionyl:13C(3) + Me (K)|[1] Propionyl:13C(3) (K)|[10] EG Dimethyl enkel K (K)|[10] Propionyl:13C(3) (K)|[11] Propionyl:13C(3) (K),1,7317.86447358963,8425.22624083705,8339.67456229054,11395.5410963569,8444.24295163365,7487.776273,8577.632276,8499.571049,11606.23077,8633.057616,0.977308109481976,0.982232155650997,0.98118769926298,0.9818468477994,0.978128877071733
KSAPATGGVKKPHR,[N-term] Propionyl:13C(3) (N-term)|[1] EG Trimethyl (K)|[1] Propionyl:13C(3) (K)|[10] Propionyl:13C(3) (K)|[11] Propionyl:13C(3) (K),1,8462.43927247831,9064.09085312143,8644.62354252591,9022.97195934186,9984.04748367887,8609.798,9237.496039,8827.544373,9164.277439,10169.22504,0.982884763670217,0.981228117971963,0.979278401473282,0.984580837867611,0.981790396456687
KSAPATGGVKKPHR,[N-term] Propionyl:13C(3) (N-term)|[1] EG Dimethyl enkel K (K)|[1] Propionyl:13C(3) (K)|[10] EG Dimethyl enkel K (K)|[10] Propionyl:13C(3) (K)|[11] Propionyl:13C(3) (K),1,27933.7466498101,35403.4123321551,37755.2198736208,31786.7940884452,29888.7499641488,28306.30931,35842.5288,38270.05159,32197.70144,30294.92727,0.986838176036666,0.987748730836065,0.986547399468003,0.987237991124288,0.986592563757252
KSAPATGGVKKPHR,[N-term] Propionyl:13C(3) (N-term)|[1] EG Trimethyl (K)|[1] Propionyl:13C(3) (K)|[10] Propionyl:13C(3) + Me (K)|[10] Propionyl:13C(3) (K)|[11] Propionyl:13C(3) (K),1,23256.5728411253,28984.7597491843,24921.5415756004,30671.7694636685,25543.8472051745,23750.57114,29598.80885,25446.49366,31275.55586,26075.49523,0.979200571810977,0.979254263104723,0.979370356819542,0.98069462301376,0.979611201239475
KSAPATGGVKKPHR,[N-term] Propionyl:13C(3) (N-term)|[1] Propionyl:13C(3) + Me (K)|[1] Propionyl:13C(3) (K)|[10] EG Dimethyl enkel K (K)|[10] Propionyl:13C(3) (K)|[11] Propionyl:13C(3) (K),1,52930.6271494886,54051.5192587558,49739.5306647262,69218.2765207983,59030.1474560222,54370.94034,55288.23719,51023.34099,70791.81751,60444.82815,0.973509503762403,0.97763144578124,0.974838763978129,0.977772275885141,0.976595504739179
KSAPATGGVKKPHR,[N-term] Propionyl:13C(3) (N-term)|[1] Propionyl:13C(3) (K)|[10] Propionyl:13C(3) + Me (K)|[10] Propionyl:13C(3) (K)|[11] Propionyl:13C(3) (K),2,18147.0333061551,19729.9066251856,15028.9557297679,15675.6999675867,16457.5089547876,18772.54361,20407.47937,15499.89113,16237.33159,17038.09939,0.966679512545562,0.966797822870253,0.969616857545496,0.965411088681641,0.965923990585877
