sequence,ptms,isotopes,norm/neg03,norm/neg07,norm/neg08,norm/neg09,norm/neg10
GKGGKGLGKGGAKR,[N-term] prc|[2] prc|[5] prc|[9] prc|[13] prc,3,0.961724267320297,0.961017253770708,0.960314187953785,0.960660815933452,0.960621040502355
GKGGKGLGKGGAKR,[N-term] prc|[2] fo|[2] prc|[5] prc|[9] prc|[13] prc,1,0.967827378095902,0.965888977049358,0.968685290165879,0.966341876554339,0.966779592693542
GKGGKGLGKGGAKR,[N-term] prc|[2] fo|[2] prc|[5] prc|[9] ac|[9] prc|[13] ac|[13] prc,1,0.982204455432345,0.990161532146995,0.978259856711418,0.986292778727914,0.988944240826
GKGGKGLGKGGAKR,[N-term] prc|[2] ac|[2] prc|[5] prc|[9] ac|[9] prc|[13] ac|[13] prc,1,0.976293447279203,0.975412388261772,0.97435397856726,0.973637583428629,0.974302038522731
GKGGKGLGKGGAKR,[N-term] prc|[2] prc|[5] ac|[5] prc|[9] prc|[13] ac|[13] prc,2,0.979428335130138,0.979293177665149,0.980066948443137,0.978998085738394,0.979602319820307
GKGGKGLGKGGAKR,[N-term] prc|[2] prc|[5] prc|[9] ac|[9] prc|[13] prc,1,0.971420013105432,0.969549595556735,0.970165931061885,0.971326437988399,0.969506675458637
GKGGKGLGKGGAKR,[N-term] prc|[2] prc|[5] prc|[9] prc|[13] ac|[13] prc,3,0.955424371817669,0.954103507239888,0.954656308194462,0.954214136345384,0.953589814693759
GKGGKGLGKGGAKR,[N-term] prc|[2] fo|[2] prc|[5] prc|[9] prc|[13] ac|[13] prc,1,0.979231147368862,0.976681165698843,0.979374453491788,0.978530307473101,0.977560235165133
KSAPATGGVKKPHR,[N-term] prc|[1] me2|[1] prc|[10] prc|[11] prc,2,0.975240654213849,0.967695402474492,0.9683309889517,0.971743230482255,0.968302469654794
KSAPATGGVKKPHR,[N-term] prc|[1] prc+me|[1] prc|[10] prc|[11] prc,2,0.966375944127974,0.966790561396982,0.966493928744517,0.967435023022948,0.96673404609155
KSAPATGGVKKPHR,[N-term] prc|[1] prc|[10] prc|[11] prc,2,0.968273748521048,0.967551792339027,0.967110150522713,0.966463565402178,0.966195658034892
KSAPATGGVKKPHR,[N-term] prc|[1] me2|[1] prc|[10] prc+me|[10] prc|[11] prc,1,0.979149479885007,0.978023239269481,0.978897286460088,0.978327459885702,0.979243526455337
KSAPATGGVKKPHR,[N-term] prc|[1] me3|[1] prc|[10] prc|[11] prc,1,0.97691982144509,0.977725916443345,0.975946849552705,0.975217615045352,0.976628785946488
KSAPATGGVKKPHR,[N-term] prc|[1] me2|[1] prc|[10] prc|[11] prc,1,0.97733340520849,0.97848375541544,0.976569278322856,0.977122739670601,0.977281772984889
KSAPATGGVKKPHR,[N-term] prc|[1] prc+me|[1] prc|[10] prc+me|[10] prc|[11] prc,2,0.972541367730334,0.970305615834339,0.970712252149448,0.978597847549068,0.971683175599789
KSAPATGGVKKPHR,[N-term] prc|[1] me2|[1] prc|[10] prc|[11] prc,2,0.973667141663836,0.972502235786001,0.972563325953021,0.971381617029125,0.973355631152536
KSAPATGGVKKPHR,[N-term] prc|[1] me2|[1] prc|[10] prc+me|[10] prc|[11] prc,2,0.979934459666043,0.980495940583337,0.976478539236656,0.979158168335347,0.97746936020904
KSAPATGGVKKPHR,[N-term] prc|[1] prc|[10] me2|[10] prc|[11] prc,2,0.979227842319164,0.979314030735413,0.979999259813818,0.979661806852319,0.978599219432554
KSAPATGGVKKPHR,[N-term] prc|[1] prc+me|[1] prc|[10] me2|[10] prc|[11] prc,1,0.977308109481976,0.982232155650997,0.98118769926298,0.9818468477994,0.978128877071733
KSAPATGGVKKPHR,[N-term] prc|[1] me3|[1] prc|[10] prc|[11] prc,1,0.982884763670217,0.981228117971963,0.979278401473282,0.984580837867611,0.981790396456687
KSAPATGGVKKPHR,[N-term] prc|[1] me2|[1] prc|[10] me2|[10] prc|[11] prc,1,0.986838176036666,0.987748730836065,0.986547399468003,0.987237991124288,0.986592563757252
KSAPATGGVKKPHR,[N-term] prc|[1] me3|[1] prc|[10] prc+me|[10] prc|[11] prc,1,0.979200571810977,0.979254263104723,0.979370356819542,0.98069462301376,0.979611201239475
KSAPATGGVKKPHR,[N-term] prc|[1] prc+me|[1] prc|[10] me2|[10] prc|[11] prc,1,0.973509503762403,0.97763144578124,0.974838763978129,0.977772275885141,0.976595504739179
KSAPATGGVKKPHR,[N-term] prc|[1] prc|[10] prc+me|[10] prc|[11] prc,2,0.966679512545562,0.966797822870253,0.969616857545496,0.965411088681641,0.965923990585877
