sequence,ptms,negative_isotopes,norm/neg06,norm/neg07,norm/neg08,norm/neg09,norm/neg10
GKGGKGLGKGGAKR,[N-term] prd|[2] prd|[5] prd|[9] prd|[13] ac|[13] prd,3,0.89537057308258,0.88974088163391,0.883817725538082,0.890223310798455,0.891395946665391
GKGGKGLGKGGAKR,[N-term] prd|[2] prd|[5] prd|[9] prd|[13] prd,3,0.858906787888355,0.856417763940309,0.856689576425786,0.855360489797649,0.854554391897546
GKGGKGLGKGGAKR,[N-term] prd|[2] fo|[2] prd|[5] prd|[9] prd|[13] prd,2,0.914116955967037,0.912925754245767,0.911346683320114,0.915932628521233,0.907377069000846
GKGGKGLGKGGAKR,[N-term] prd|[2] fo|[2] prd|[5] prd|[9] prd|[13] ac|[13] prd,2,0.936962595816267,0.933531203632974,0.935756679012138,0.936493915423802,0.919297846929062
GKGGKGLGKGGAKR,[N-term] prd|[2] fo|[2] prd|[5] prd|[9] ac|[9] prd|[13] prd,1,0.945351198087491,0.931602137852292,0.942285024976686,0.93411607126659,0.941604164827525
GKGGKGLGKGGAKR,[N-term] prd|[2] prd|[5] prd|[9] fo|[9] prd|[13] prd,1,0.938651871866206,0.924601356242285,0.970251007141411,0.955117461725549,0.959504144105103
GKGGKGLGKGGAKR,[N-term] prd|[2] prd|[5] prd|[9] ac|[9] prd|[13] prd,1,0.940697480848158,0.936986944388846,0.93503872180212,0.941109413665193,0.93617981384772
GKGGKGLGKGGAKR,[N-term] prd|[2] prd|[5] prd|[9] ac|[9] prd|[13] ac|[13] prd,2,0.931883147268311,0.931396818683753,0.934370799074033,0.926338043950243,0.930951981755336
GKGGKGLGKGGAKR,[N-term] prd|[2] ac|[2] prd|[5] prd|[9] ac|[9] prd|[13] prd,1,0.938706801221772,0.941028353853032,0.939988743959284,0.938587536527379,0.93701904501048
GKGGKGLGKGGAKR,[N-term] prd|[2] ac|[2] prd|[5] prd|[9] ac|[9] prd|[13] ac|[13] prd,2,0.957121873137282,0.951822636809644,0.955601484386581,0.951936946057515,0.953576780840899
KSAPATGGVKKPHR,[N-term] prd|[1] me2|[1] prd|[10] prd|[11] prd,3,0.917867383235749,0.919040956666244,0.917666602685747,0.91746219195377,0.913566351559988
KSAPATGGVKKPHR,[N-term] prd|[1] me2|[1] prd|[10] prd+me|[10] prd|[11] prd,2,0.92447580822097,0.923598408408144,0.924733153932358,0.922610704513983,0.925669146756699
KSAPATGGVKKPHR,[N-term] prd|[1] prd|[10] prd|[11] prd,2,0.898186701627228,0.904374268368347,0.8952646517585,0.896407185444702,0.894469403463268
KSAPATGGVKKPHR,[N-term] prd|[1] me2|[1] prd|[10] me2|[10] prd|[11] prd,2,0.948252438180195,0.948055866587184,0.947416382414501,0.948552830183102,0.953013823299751
KSAPATGGVKKPHR,[N-term] prd|[1] prd+me|[1] prd|[10] me2|[10] prd|[11] prd,2,0.921775990308739,0.924608804289165,0.927684553467582,0.91907721918985,0.922499427129153
KSAPATGGVKKPHR,[N-term] prd|[1] me2|[1] prd|[10] prd|[11] prd,3,0.931123385816344,0.925693085781293,0.922498359713876,0.930426168439799,0.934503959929488
KSAPATGGVKKPHR,[N-term] prd|[1] prd+me|[1] prd|[10] prd|[11] prd,3,0.901799356911262,0.903876664683661,0.894144090146514,0.896079259431303,0.902371878650009
KSAPATGGVKKPHR,[N-term] prd|[1] prd|[10] me3|[10] prd|[11] prd,1,0.934289696522301,0.92141757946169,0.925683454015907,0.92604440916508,0.928530371967409
KSAPATGGVKKPHR,[N-term] prd|[1] me3|[1] prd|[10] prd+me|[10] prd|[11] prd,2,0.930852076625644,0.929136885321805,0.926184645136946,0.922261186456854,0.926083890068545
KSAPATGGVKKPHR,[N-term] prd|[1] prd|[10] prd+me|[10] prd|[11] prd,2,0.910075594056328,0.912205917720408,0.909135125022415,0.914192981679641,0.905913976085794
KSAPATGGVKKPHR,[N-term] prd|[1] me2|[1] prd|[10] prd|[11] prd,2,0.928519584657988,0.92391424986137,0.915780782096793,0.920543000021269,0.919186058269504
KSAPATGGVKKPHR,[N-term] prd|[1] prd+me|[1] prd|[10] prd+me|[10] prd|[11] prd,2,0.898429183167588,0.891860136049306,0.899628415837781,0.893255889564981,0.8940140517376
KSAPATGGVKKPHR,[N-term] prd|[1] me2|[1] prd|[10] me2|[10] prd|[11] prd,1,0.955259798568009,0.950348184959066,0.953149966467789,0.95472216286337,0.955631507485442
KSAPATGGVKKPHR,[N-term] prd|[1] ac|[1] prd|[10] me2|[10] prd|[11] prd,1,0.94989788903824,0.953872607669311,0.946406332482555,0.955071761673624,0.947978482830416
KSAPATGGVKKPHR,[N-term] prd|[1] me2|[1] prd|[10] prd|[11] prd,1,0.928423463515802,0.927805137870777,0.944085261678636,0.929991705636618,0.927498092162123
KSAPATGGVKKPHR,[N-term] prd|[1] prd|[10] prd|[11] prd,1,0.926326677313946,0.919558024925528,0.91805467413658,0.906368821843431,0.90295134557491
KSAPATGGVKKPHR,[N-term] prd|[1] me2|[1] prd|[10] prd+me|[10] prd|[11] prd,1,0.93474714871161,0.934472119888953,0.934764267523076,0.929914669533011,0.931809551157052
KSAPATGGVKKPHR,[N-term] prd|[1] prd+me|[1] prd|[10] prd|[11] prd,1,0.900464915208239,0.917032627266112,0.899994203351254,0.909883120104774,0.903837865268046
KSAPATGGVKKPHR,[N-term] prd|[1] ac|[1] prd|[10] prd|[11] prd,2,0.921159581297952,0.922791761051305,0.925754224816194,0.922241099916392,0.926083875343603
KSAPATGGVKKPHR,[N-term] prd|[1] prd+me|[1] prd|[10] me2|[10] prd|[11] prd,1,0.926867854154265,0.930992787867076,0.932106026581917,0.927232983378982,0.933836912051853
KSAPATGGVKKPHR,[N-term] prd|[1] prd|[10] me2|[10] prd|[11] prd,1,0.926997714074437,0.926297506439611,0.92503911564351,0.929793849292351,0.927777497342664
KSAPATGGVKKPHR,[N-term] prd|[1] fo|[1] prd|[10] me2|[10] prd|[11] prd,1,0.951794088136114,0.9539520047615,0.927649941942232,0.949293812340709,0.946897074089762
KSAPATGGVKKPHR,[N-term] prd|[1] prd+me|[1] prd|[10] me2|[10] prd|[11] prd,3,0.759757141577329,0.752616523962443,0.748150249519533,0.787114120573081,0.750999475507709
KSAPATGGVKKPHR,[N-term] prd|[1] me2|[1] prd|[10] prd|[11] prd+me|[11] prd,1,0.937486316195993,0.935390073302675,0.944858718363276,0.948800930999332,0.943047768267346
KSAPATGGVKKPHR,[N-term] prd|[1] fo|[1] prd|[10] prd|[11] prd,1,0.955581208102329,0.949323388413337,0.94495147991682,0.946140050953935,0.936566313952086
KSAPATGGVKKPHR,[N-term] prd|[1] me2|[1] prd|[10] me2|[10] prd|[11] prd,1,0.994546063234615,0.982670921780939,0.989691845910618,0.985249828585811,0.988874576487411
KSAPATGGVKKPHR,[N-term] prd|[1] me3|[1] prd|[10] prd+me|[10] prd|[11] prd,1,0.812810347224307,0.899904693338478,0.920214618705962,0.920219336222082,0.924532000087356
KSAPATGGVKKPHR,[N-term] prd|[1] prd|[10] me3|[10] prd|[11] prd,1,0.965729731637796,0.974979814083087,0.982934662754388,0.975277729503308,0.974853776686502
KSAPATGGVKKPHR,[N-term] prd|[1] ac|[1] prd|[10] prd|[11] prd,1,0.987650948964699,0.97688478172286,0.989413148331146,0.979800106781344,0.993406360415201
,,1,0.942408546937572,0.942302122084108,0.950151728309415,0.956649211379099,0.951063023885465
KSAPATGGVKKPHR,[N-term] prd|[1] me3|[1] prd|[10] prd|[11] prd,2,0.92781884731945,0.927340064318648,0.925924073285484,0.93115078543509,0.92833699280115
,,1,0.930711172954063,0.93061094496088,0.930933487217066,0.931722467554131,0.926834962509439
KSAPATGGVKKPHR,[N-term] prd|[1] me3|[1] prd|[10] me2|[10] prd|[11] prd,1,0.955593117429596,0.954388224792899,0.955362191735304,0.956236080408106,0.958419438390656
