,,,,,,,"Normalized abundance",,,,,"Raw abundance",,,,,"Intensity",,,,,"Sample retention time (min)",,,,,,,,,,,,,"Best peptide spectral counts",,,,,,,,
,,,,,,,"Heavy",,,,,"Heavy",,,,,"Heavy",,,,,"Heavy",,,,,,"Best peptide match",,,,,,,"Heavy",,,,,"Tags",,,
"#","m/z","Retention time (min)","Retention time window (min)","Mass","Charge","Maximum CV","180406_HeavyLightprop_Heavy03","180406_HeavyLightprop_Heavy07","180406_HeavyLightprop_Heavy08","180406_HeavyLightprop_Heavy09","180406_HeavyLightprop_Heavy10","180406_HeavyLightprop_Heavy03","180406_HeavyLightprop_Heavy07","180406_HeavyLightprop_Heavy08","180406_HeavyLightprop_Heavy09","180406_HeavyLightprop_Heavy10","180406_HeavyLightprop_Heavy03","180406_HeavyLightprop_Heavy07","180406_HeavyLightprop_Heavy08","180406_HeavyLightprop_Heavy09","180406_HeavyLightprop_Heavy10","180406_HeavyLightprop_Heavy03","180406_HeavyLightprop_Heavy07","180406_HeavyLightprop_Heavy08","180406_HeavyLightprop_Heavy09","180406_HeavyLightprop_Heavy10","Notes","Score","Mass error (u)","Mass error (ppm)","Protein","Sequence","Variable modifications ([position] description)","Description","180406_HeavyLightprop_Heavy03","180406_HeavyLightprop_Heavy07","180406_HeavyLightprop_Heavy08","180406_HeavyLightprop_Heavy09","180406_HeavyLightprop_Heavy10","GKGG","KSAPAT/KSAPST","Edited","KSAPAT"
"12","783.481651550027","48.8291","0.596533333333333","1564.94875016629","2","6.89385119711876","260989.247626879","288121.779730877","308763.978973481","270810.835046684","267905.149135937","273781.935881605","294298.943624067","308763.978973481","270824.899358838","269098.000188691","1332983","1340700","1261116","1347480","1171354","48.47225","48.9542833333333","48.7788666666667","49.0516833333333","48.8291",,"84.37","0.004350166294671","2.77975773111875","H4_BOVIN","GKGGKGLGKGGAKR","[N-term] Propionyl:13C(3) (N-term)|[2] Propionyl:13C(3) (K)|[5] Propionyl:13C(3) (K)|[9] Propionyl:13C(3) (K)|[13] Propionyl:13C(3) (K)","sp|P62803|H4_BOVIN Histone H4 OS=Bos taurus OX=9913 PE=1 SV=2","2","1","2","2","1","x",,,
"16354","774.969636908795","46.4536333333333","0.744383333333333","1547.92472088383","2","5.30324591871541","237216.671675996","261358.326048838","261463.888978812","253156.220825892","274386.222217696","248844.119768851","266961.697013578","261463.888978812","253169.368261861","275607.930330022","863865","809962","956364","1045586","1203728","46.1643666666667","46.5336166666667","46.46235","46.5038","46.4536333333333",,"77.87","0.00612088382968068","3.95426725260662","H4_BOVIN","GKGGKGLGKGGAKR","[N-term] Propionyl:13C(3) (N-term)|[2] Propionyl:13C(3) (K)|[5] Propionyl:13C(3) (K)|[9] Propionyl:13C(3) (K)|[13] EG Acetyl ENKEL K (K)|[13] Propionyl:13C(3) (K)","sp|P62803|H4_BOVIN Histone H4 OS=Bos taurus OX=9913 PE=1 SV=2","1","1","2","2","1","x",,"x",
"23","547.000325691373","31.73765","0.68815","1637.97914767348","3","9.92596611068591","284724.621283233","271262.282096494","307832.776377886","268144.993909503","338088.782868172","298680.726186562","277077.988136196","307832.776377886","268158.919773645","339594.127434594","930205","855078","895733","860400","772667","31.5474666666667","31.9118833333333","31.6934166666667","31.9079","31.73765",,"70.36","0.0127476734796801","7.78262208533709","H31_BOVIN","KSAPATGGVKKPHR","[N-term] Propionyl:13C(3) (N-term)|[1] EG Dimethyl enkel K (K)|[1] Propionyl:13C(3) (K)|[10] Propionyl:13C(3) (K)|[11] Propionyl:13C(3) (K)","sp|P68432|H31_BOVIN Histone H3.1 OS=Bos taurus OX=9913 PE=1 SV=2","2","2","2","2","0",,"x",,"x"
"33","842.503526385061","45.5808833333333","0.71275","1682.99249983636","2","9.41901176465503","153115.673024534","177357.178674484","163518.852200754","192441.698898437","158439.025982469","160620.813905725","181159.613746659","163518.852200754","192451.693181436","159144.477742354","580193","552167","588439","579934","493138","45.3120333333333","45.6882666666667","45.5823","45.6329166666667","45.5808833333333",,"81.28","0.00549983636256002","3.2679018688558","H31_BOVIN","KSAPATGGVKKPHR","[N-term] Propionyl:13C(3) (N-term)|[1] Propionyl:13C(3) + Me (K)|[1] Propionyl:13C(3) (K)|[10] Propionyl:13C(3) (K)|[11] Propionyl:13C(3) (K)","sp|P68432|H31_BOVIN Histone H3.1 OS=Bos taurus OX=9913 PE=1 SV=2","2","2","2","2","2",,"x",,"x"
"43","835.49662757597","41.65615","0.767966666666667","1668.97870221818","2","8.31367077209779","160214.437261585","167244.86815834","140042.163878217","138264.015851158","150078.975231602","168067.532239367","170830.50115656","140042.163878217","138271.196465916","150747.203760163","625915","678582","807861","716870","759372","41.2577666666667","41.8393666666667","41.4920166666667","41.69105","41.65615",,"68.35","0.00730221818116661","4.37528059568103","H31_BOVIN","KSAPATGGVKKPHR","[N-term] Propionyl:13C(3) (N-term)|[1] Propionyl:13C(3) (K)|[10] Propionyl:13C(3) (K)|[11] Propionyl:13C(3) (K)","sp|P68432|H31_BOVIN Histone H3.1 OS=Bos taurus OX=9913 PE=1 SV=2","2","2","1","2","1",,"x",,"x"
"51","551.671023672021","34.7355","0.5868","1651.99124161542","3","10.6927531449613","136130.317365566","104010.885574097","131924.974333314","121804.393901843","114528.005075735","142802.901496558","106240.81865124","131924.974333314","121810.719701242","115037.942461653","407053","309494","305958","339745","413364","34.4504833333333","34.9061166666667","34.6874833333333","34.7854","34.7355",,"70.18","0.00924161542411639","5.59425915301522","H31_BOVIN","KSAPATGGVKKPHR","[N-term] Propionyl:13C(3) (N-term)|[1] EG Dimethyl enkel K (K)|[1] Propionyl:13C(3) (K)|[10] Propionyl:13C(3) + Me (K)|[10] Propionyl:13C(3) (K)|[11] Propionyl:13C(3) (K)","sp|P68432|H31_BOVIN Histone H3.1 OS=Bos taurus OX=9913 PE=1 SV=2","0","1","1","0","1",,"x",,"x"
"16371","551.671235091962","38.1750666666667","0.548","1651.99187587524","3","13.3444063051505","52930.6271494886","54051.5192587558","49739.5306647262","69218.2765207983","59030.1474560222","55525.0827387803","55210.3524904854","49739.5306647262","69221.8713084573","59292.9799314867","190627","181945","186803","197377","219310","37.8711666666667","38.3563","38.1547","38.1771333333333","38.1750666666667",,"47.51","0.00987587524468836","5.97819785245139","H31_BOVIN","KSAPATGGVKKPHR","[N-term] Propionyl:13C(3) (N-term)|[1] Propionyl:13C(3) + Me (K)|[1] Propionyl:13C(3) (K)|[10] EG Dimethyl enkel K (K)|[10] Propionyl:13C(3) (K)|[11] Propionyl:13C(3) (K)","sp|P68432|H31_BOVIN Histone H3.1 OS=Bos taurus OX=9913 PE=1 SV=2","1","1","1","0","1",,"x","x","x"
"16349","766.456472568726","43.6866833333333","0.5499","1530.89839220369","2","4.36287507713648","62574.1227818279","56790.116553072","57141.3095129276","56330.5887415965","58019.9775952136","65641.2654049038","58007.6637228463","57141.3095129276","56333.5142190196","58278.3122766424","287338","227652","223967","233504","234895","43.2929333333333","43.7938666666667","43.5995166666667","43.7957666666667","43.6866833333333",,"83.49","0.00549220369134673","3.58758192120868","H4_BOVIN","GKGGKGLGKGGAKR","[N-term] Propionyl:13C(3) (N-term)|[2] Propionyl:13C(3) (K)|[5] EG Acetyl ENKEL K (K)|[5] Propionyl:13C(3) (K)|[9] Propionyl:13C(3) (K)|[13] EG Acetyl ENKEL K (K)|[13] Propionyl:13C(3) (K)","sp|P62803|H4_BOVIN Histone H4 OS=Bos taurus OX=9913 PE=1 SV=2","1","0","0","1","1","x",,"x",
"109","551.67060731596","31.6097333333333","0.73945","1651.98999254724","3","14.6626404663067","85398.4573329453","71055.5159861119","63038.2797277404","62601.8436835112","82630.2731521274","89584.3609746801","72578.9050480959","63038.2797277404","62605.0948528037","82998.1854846701","279063","245620","222209","223304","295287","31.3927666666667","31.7385666666667","31.56365","31.7598","31.6097333333333",,"55.96","0.00789254724054445","4.77762273607229","H31_BOVIN","KSAPATGGVKKPHR","[N-term] Propionyl:13C(3) (N-term)|[1] EG Trimethyl (K)|[1] Propionyl:13C(3) (K)|[10] Propionyl:13C(3) (K)|[11] Propionyl:13C(3) (K)","sp|P68432|H31_BOVIN Histone H3.1 OS=Bos taurus OX=9913 PE=1 SV=2","2","0","1","1","1",,"x",,"x"
"136","546.999612572104","34.37985","0.875616666666667","1637.97700831567","3","8.82635110103883","76576.5514704142","71076.743375604","62562.6666957903","72473.6271604993","63167.0438509181","80330.0392462154","72600.5875405102","62562.6666957903","72477.3910118058","63448.2959097153","160293","145958","144284","146804","142340","34.1251333333333","34.51725","34.3799333333333","34.4175666666667","34.37985",,"43.59","0.0106083156713339","6.47651604534373","H31_BOVIN","KSAPATGGVKKPHR","[N-term] Propionyl:13C(3) (N-term)|[1] EG Dimethyl enkel K (K)|[1] Propionyl:13C(3) (K)|[10] Propionyl:13C(3) (K)|[11] Propionyl:13C(3) (K)","sp|P68432|H31_BOVIN Histone H3.1 OS=Bos taurus OX=9913 PE=1 SV=2","1","1","1","1","1",,"x",,"x"
"220","849.510284317212","48.4769333333333","0.5699","1697.00601570066","2","7.64712073881261","52301.1375579801","60226.3642202666","51992.7494870889","59768.668406431","60250.9909471832","54864.7379906821","61517.5825475552","51992.7494870889","59771.7724373659","60519.2592436776","88608","93995","98412","94574","89314","48.1496","48.5200166666667","48.38705","48.55675","48.4769333333333",,"62.61","0.00331570066396125","1.95385703508972","H31_BOVIN","KSAPATGGVKKPHR","[N-term] Propionyl:13C(3) (N-term)|[1] Propionyl:13C(3) + Me (K)|[1] Propionyl:13C(3) (K)|[10] Propionyl:13C(3) + Me (K)|[10] Propionyl:13C(3) (K)|[11] Propionyl:13C(3) (K)","sp|P68432|H31_BOVIN Histone H3.1 OS=Bos taurus OX=9913 PE=1 SV=2","2","1","1","1","0",,"x",,"x"
"247","819.993380596578","31.7132666666667","0.59175","1637.9722082594","2","16.3919965599356","39072.2997984235","47703.9354596125","61269.5011293204","48525.7142962693","54023.2329761445","40987.4735278449","48726.6801752651","61269.5011293204","48528.2344347018","54263.7721017887","83400","108215","124003","113216","81692","31.5079666666667","31.8649","31.66565","31.86135","31.7132666666667",,"70.07","0.00580825939664464","3.54601864644149","H31_BOVIN","KSAPATGGVKKPHR","[N-term] Propionyl:13C(3) (N-term)|[1] EG Dimethyl enkel K (K)|[1] Propionyl:13C(3) (K)|[10] Propionyl:13C(3) (K)|[11] Propionyl:13C(3) (K)","sp|P68432|H31_BOVIN Histone H3.1 OS=Bos taurus OX=9913 PE=1 SV=2","1","1","2","2","2",,"x",,"x"
"16365","402.749368473362","25.6470833333333","0.63235","1606.96836802593","4","9.13916284179941","22720.3923240402","21173.6407751972","19933.8830788267","19952.6282338986","24563.7925623444","23834.0584948477","21627.5913561151","19933.8830788267","19953.6644553324","24673.1631582889","71442","63461","52470","74652","75869","25.3725833333333","25.8133166666667","25.6357666666667","25.6842166666667","25.6470833333333",,"29.39","0.00696802592756285","4.33615015741066","H31_BOVIN","KSAPATGGVKKPHR","[N-term] Propionyl:13C(3) (N-term)|[1] EG Dimethyl enkel K (K)|[1] Propionyl:13C(3) (K)|[10] EG Dimethyl enkel K (K)|[10] Propionyl:13C(3) (K)|[11] Propionyl:13C(3) (K)","sp|P68432|H31_BOVIN Histone H3.1 OS=Bos taurus OX=9913 PE=1 SV=2","1","1","1","0","1",,"x","x","x"
"16370","556.342014108441","34.59235","0.541666666666667","1666.00421292468","3","11.4549511170106","23256.5728411253","28984.7597491843","24921.5415756004","30671.7694636685","25543.8472051745","24396.5205168825","29606.1761917132","24921.5415756004","30673.3623738634","25657.5815067672","54314","48468","53243","49545","46112","34.3490833333333","34.7477833333333","34.5803333333333","34.6438","34.59235",,"39.59","0.00651292468273823","3.9093239340836","H31_BOVIN","KSAPATGGVKKPHR","[N-term] Propionyl:13C(3) (N-term)|[1] EG Trimethyl (K)|[1] Propionyl:13C(3) (K)|[10] Propionyl:13C(3) + Me (K)|[10] Propionyl:13C(3) (K)|[11] Propionyl:13C(3) (K)","sp|P68432|H31_BOVIN Histone H3.1 OS=Bos taurus OX=9913 PE=1 SV=2","1","1","1","1","1",,"x","x","x"
"16360","536.663282798867","25.5992333333333","0.82815","1606.96801899596","3","12.3076469613508","27933.7466498101","35403.4123321551","37755.2198736208","31786.7940884452","29888.7499641488","29302.9513811423","36162.4409642778","37755.2198736208","31788.4449064206","30021.8300000316","39365","48584","66813","40043","45041","25.3262333333333","25.79405","25.61345","25.6621333333333","25.5992333333333",,"44.09","0.00661899596093463","4.11895143276909","H31_BOVIN","KSAPATGGVKKPHR","[N-term] Propionyl:13C(3) (N-term)|[1] EG Dimethyl enkel K (K)|[1] Propionyl:13C(3) (K)|[10] EG Dimethyl enkel K (K)|[10] Propionyl:13C(3) (K)|[11] Propionyl:13C(3) (K)","sp|P68432|H31_BOVIN Histone H3.1 OS=Bos taurus OX=9913 PE=1 SV=2","1","1","2","2","1",,"x","x","x"
"16372","842.502092624085","44.69305","0.409433333333333","1682.98963231441","2","11.2717821953361","18147.0333061551","19729.9066251856","15028.9557297679","15675.6999675867","16457.5089547876","19036.5310228031","20152.9043830605","15028.9557297679","15676.5140706766","16530.7862208115","50918","61332","48567","51744","54261","44.3173666666667","44.8665666666667","44.6213333333333","44.7141833333333","44.69305",,"78.2","0.00263231440931122","1.56407293063536","H31_BOVIN","KSAPATGGVKKPHR","[N-term] Propionyl:13C(3) (N-term)|[1] Propionyl:13C(3) (K)|[10] Propionyl:13C(3) + Me (K)|[10] Propionyl:13C(3) (K)|[11] Propionyl:13C(3) (K)","sp|P68432|H31_BOVIN Histone H3.1 OS=Bos taurus OX=9913 PE=1 SV=2","1","1","1","1","2",,"x","x","x"
"453","767.960215250239","45.6707166666667","0.7553","1533.90587756672","2","13.1567755922734","12161.6186533412","15438.0784604772","15228.2056057583","17781.7143388278","15509.6611940842","12757.7343842371","15769.0619110701","15228.2056057583","17782.637815841","15578.7181560085","33121","31843","29815","33373","30128","45.4010166666667","45.7587333333333","45.64605","45.6985666666667","45.6707166666667",,"37.51","0.0028775667183254","1.87597698050359","H4_BOVIN","GKGGKGLGKGGAKR","[N-term] Propionyl:13C(3) (N-term)|[2] EG Formyl (K)|[2] Propionyl:13C(3) (K)|[5] Propionyl:13C(3) (K)|[9] Propionyl:13C(3) (K)|[13] Propionyl:13C(3) (K)","sp|P62803|H4_BOVIN Histone H4 OS=Bos taurus OX=9913 PE=1 SV=2","1","1","0","1","0","x",,,
"16344","757.942779108444","40.8725","0.50535","1513.87100528313","2","4.43619966474137","22780.7746542671","20452.7010617541","21101.991101488","21272.8640948342","22378.6726423553","23897.4005344638","20891.1951132446","21101.991101488","21273.9688815056","22478.3139643185","24035","24302","21016","22524","20961","40.5399666666667","40.9477","40.76125","40.8415166666667","40.8725",,"75.02","0.00380528312734896","2.51361752691977","H4_BOVIN","GKGGKGLGKGGAKR","[N-term] Propionyl:13C(3) (N-term)|[2] EG Acetyl ENKEL K (K)|[2] Propionyl:13C(3) (K)|[5] Propionyl:13C(3) (K)|[9] EG Acetyl ENKEL K (K)|[9] Propionyl:13C(3) (K)|[13] EG Acetyl ENKEL K (K)|[13] Propionyl:13C(3) (K)","sp|P62803|H4_BOVIN Histone H4 OS=Bos taurus OX=9913 PE=1 SV=2","2","0","0","1","2","x",,"x",
"546","827.001129446125","34.7355","0.599233333333333","1651.98770595849","2","13.7053845742066","15353.8209679458","14376.2701629597","20046.082945623","16893.9357721108","15207.1073560216","16106.4061680941","14684.4890593317","20046.082945623","16894.813143159","15274.817193169","22077","22001","22955","21929","21060","34.4504833333333","34.9061166666667","34.6874833333333","34.7854","34.7355",,"94.46","0.00570595848921585","3.45400766425775","H31_BOVIN","KSAPATGGVKKPHR","[N-term] Propionyl:13C(3) (N-term)|[1] EG Dimethyl enkel K (K)|[1] Propionyl:13C(3) (K)|[10] Propionyl:13C(3) + Me (K)|[10] Propionyl:13C(3) (K)|[11] Propionyl:13C(3) (K)","sp|P68432|H31_BOVIN Histone H3.1 OS=Bos taurus OX=9913 PE=1 SV=2","1","2","1","1","1",,"x",,"x"
"649","819.993178524595","34.37985","0.604733333333333","1637.97180411543","2","4.81074258110963","17043.8415641571","17698.9001658105","18093.7756083053","18806.3557759053","16658.1346949309","17879.2650682891","18078.3543228532","18093.7756083053","18807.3324667311","16732.3052495912","15969","16678","18445","18336","18584","34.1251333333333","34.51725","34.3799333333333","34.4175666666667","34.37985",,"67.03","0.00540411542965558","3.29928344662966","H31_BOVIN","KSAPATGGVKKPHR","[N-term] Propionyl:13C(3) (N-term)|[1] Propionyl:13C(3) (K)|[10] EG Dimethyl enkel K (K)|[10] Propionyl:13C(3) (K)|[11] Propionyl:13C(3) (K)","sp|P68432|H31_BOVIN Histone H3.1 OS=Bos taurus OX=9913 PE=1 SV=2","1","1","1","1","0",,"x",,"x"
"16357","759.446926345187","43.2299","0.500916666666667","1516.87929975661","2","2.88801515614001","6342.06850406916","6395.29888513666","6711.83399967392","6608.21467597465","6269.92014910759","6652.93228869016","6532.41038499037","6711.83399967392","6608.55786753849","6297.83704758701","23541","23543","27032","22644","27334","42.7621333333333","43.3592833333333","43.0654333333333","43.30565","43.2299",,"79.77","0.00199975661416829","1.31833775491814","H4_BOVIN","GKGGKGLGKGGAKR","[N-term] Propionyl:13C(3) (N-term)|[2] EG Formyl (K)|[2] Propionyl:13C(3) (K)|[5] Propionyl:13C(3) (K)|[9] Propionyl:13C(3) (K)|[13] EG Acetyl ENKEL K (K)|[13] Propionyl:13C(3) (K)","sp|P62803|H4_BOVIN Histone H4 OS=Bos taurus OX=9913 PE=1 SV=2","1","1","1","1","1","x",,"x",
"772","827.000112699681","38.1750666666667","0.526416666666667","1651.9856724656","2","17.4613074757136","7317.86447358963","8425.22624083705","8339.67456229054","11395.5410963569","8444.24295163365","7676.5580203629","8605.85820616596","8339.67456229054","11396.1329133243","8481.84104979282","13878","14265","15011","14769","13156","37.8711666666667","38.3563","38.1547","38.1771333333333","38.1750666666667",,"56.76","0.00367246560290369","2.22306635478092","H31_BOVIN","KSAPATGGVKKPHR","[N-term] Propionyl:13C(3) (N-term)|[1] Propionyl:13C(3) + Me (K)|[1] Propionyl:13C(3) (K)|[10] EG Dimethyl enkel K (K)|[10] Propionyl:13C(3) (K)|[11] Propionyl:13C(3) (K)","sp|P68432|H31_BOVIN Histone H3.1 OS=Bos taurus OX=9913 PE=1 SV=2","1","1","1","1","2",,"x",,"x"
"985","827.000319589602","31.6097333333333","0.446083333333333","1651.98608624544","2","6.50503434160104","8462.43927247831","9064.09085312143","8644.62354252591","9022.97195934186","9984.04748367887","8877.23546991455","9258.41970529911","8644.62354252591","9023.44055910882","10028.5015809221","11721","15196","11329","15707","15478","31.3927666666667","31.7385666666667","31.56365","31.7598","31.6097333333333",,"---","0.00398624544413906","2.4130076495012","H31_BOVIN","KSAPATGGVKKPHR","[N-term] Propionyl:13C(3) (N-term)|[1] EG Trimethyl (K)|[1] Propionyl:13C(3) (K)|[10] Propionyl:13C(3) (K)|[11] Propionyl:13C(3) (K)","sp|P68432|H31_BOVIN Histone H3.1 OS=Bos taurus OX=9913 PE=1 SV=2","0","0","0","0","0",,"x",,"x"
"16353","774.96870308268","46.1102833333333","0.382733333333333","1547.9228532316","2","9.13182046763314","41923.2520141378","33598.3468762678","35832.7888266988","35160.6334880885","34477.2029280709","43978.1684465878","34318.6759516636","35832.7888266988","35162.4595233165","34630.7131086008","107560","90142","97625","106283","105758","45.7805333333333","46.1974","46.0543333333333","46.09045","46.1102833333333",,"70.07","0.00425323160061453","2.74771011900401","H4_BOVIN","GKGGKGLGKGGAKR","[N-term] Propionyl:13C(3) (N-term)|[2] Propionyl:13C(3) (K)|[5] Propionyl:13C(3) (K)|[9] EG Acetyl ENKEL K (K)|[9] Propionyl:13C(3) (K)|[13] Propionyl:13C(3) (K)","sp|P62803|H4_BOVIN Histone H4 OS=Bos taurus OX=9913 PE=1 SV=2","1","1","1","2","2","x",,"x",
"16361","406.747840685511","25.2223666666667","0.331033333333333","1622.96225687453","4","17.984364794196","4207.52445341769","3369.03927925886","2727.58235715117","3888.1917897098","2968.99050089057","4413.76110548722","3441.26952790585","2727.58235715117","3888.39371938161","2982.20996851194","6979","5298","3331","6535","5700","24.9612833333333","25.3657","25.21935","25.3779666666667","25.2223666666667",,"36.77","0.00595687452528182","3.67038504073204","H33_BOVIN","KSAPSTGGVKKPHR","[N-term] Propionyl:13C(3) (N-term)|[1] EG Dimethyl enkel K (K)|[1] Propionyl:13C(3) (K)|[10] EG Dimethyl enkel K (K)|[10] Propionyl:13C(3) (K)|[11] Propionyl:13C(3) (K)","sp|Q5E9F8|H33_BOVIN Histone H3.3 OS=Bos taurus OX=9913 GN=H3F3A PE=1 SV=3","1","0","0","1","0",,"x","x",
"1722","541.333991307836","25.4710666666667","0.606366666666667","1620.98014452287","3","10.3239861838467","5387.89431733064","6494.75426742605","7031.93605062369","6280.80513282862","5764.26398496065","5651.98815635946","6633.99803300794","7031.93605062369","6281.13132067835","5789.92944299676","4029","6369","6056","5593","4038","25.1879333333333","25.6749","25.4741","25.5993833333333","25.4710666666667",,"37.26","0.00304452286695778","1.87820226884006","H31_BOVIN","KSAPATGGVKKPHR","[N-term] Propionyl:13C(3) (N-term)|[1] EG Trimethyl (K)|[1] Propionyl:13C(3) (K)|[10] EG Dimethyl enkel K (K)|[10] Propionyl:13C(3) (K)|[11] Propionyl:13C(3) (K)","sp|P68432|H31_BOVIN Histone H3.1 OS=Bos taurus OX=9913 PE=1 SV=2","0","0","0","1","0",,"x",,"x"
"16363","406.252347182703","25.5336166666667","0.4999","1620.98028286329","4","21.0965294208247","4287.00887574489","3308.41532769392","2837.23751548371","3607.44740288769","4849.00258809284","4497.14154822593","3379.34583397149","2837.23751548371","3607.63475235745","4870.59283322499","6372","3880","3509","5799","5483","25.2543","25.7557666666667","25.5362","25.6319166666667","25.5336166666667",,"26.5","0.00318286329138573","1.96354611757669","H31_BOVIN","KSAPATGGVKKPHR","[N-term] Propionyl:13C(3) (N-term)|[1] EG Trimethyl (K)|[1] Propionyl:13C(3) (K)|[10] EG Dimethyl enkel K (K)|[10] Propionyl:13C(3) (K)|[11] Propionyl:13C(3) (K)","sp|P68432|H31_BOVIN Histone H3.1 OS=Bos taurus OX=9913 PE=1 SV=2","1","1","0","1","0",,"x","x","x"
"2201","556.339063021129","30.2916666666667","0.33825","1665.99535966275","3","6.61613536978042","3014.77371508905","3273.40915079782","2879.02496254142","3406.73038338894","3132.61020979926","3162.54631739494","3343.58914494068","2879.02496254142","3406.90730880453","3146.55819623653","3423","3165","2849","3337","3621","30.0358166666667","30.41485","30.3322","30.4242666666667","30.2916666666667",,"21.52","-0.0023403372535995","-1.40476619721594","H31_BOVIN","KSAPATGGVKKPHR","[N-term] Propionyl:13C(3) (N-term)|[1] EG Dimethyl enkel K (K)|[1] Propionyl:13C(3) (K)|[10] Propionyl:13C(3) + Me (K)|[10] Propionyl:13C(3) (K)|[11] Propionyl:13C(3) + Me (K)|[11] Propionyl:13C(3) (K)","sp|P68432|H31_BOVIN Histone H3.1 OS=Bos taurus OX=9913 PE=1 SV=2","0","0","0","1","0",,,,"x"
"2235","417.508535912899","30.2916666666667","0.316666666666667","1666.00503778408","4","9.37748123018594","3345.98374175664","2890.60139609496","3021.82084951904","2571.96894164461","2992.52437240924","3509.99098459475","2952.57421394386","3021.82084951904","2572.10251449091","3005.84862489013","5307","3834","3781","3524","4087","30.0358166666667","30.41485","30.3322","30.4242666666667","30.2916666666667",,"---","0.00733778407561658","4.40443829881433","H31_BOVIN","KSAPATGGVKKPHR","[N-term] Propionyl:13C(3) (N-term)|[1] EG Dimethyl enkel K (K)|[1] Propionyl:13C(3) (K)|[10] Propionyl:13C(3) + Me (K)|[10] Propionyl:13C(3) (K)|[11] Propionyl:13C(3) + Me (K)|[11] Propionyl:13C(3) (K)","sp|P68432|H31_BOVIN Histone H3.1 OS=Bos taurus OX=9913 PE=1 SV=2","0","0","0","0","0",,,,"x"
"2475","834.007404447004","34.5812333333333","0.340083333333333","1666.00025596025","2","16.3445795051379","2692.17933092139","3772.51234502566","3693.46555403932","4173.69311544034","3192.382476098","2824.13959832495","3853.39282225328","3693.46555403932","4173.90987236146","3206.59659930424","2413","2791","3367","3006","2127","34.3416666666667","34.7369333333333","34.5701666666667","34.6357166666667","34.5812333333333",,"---","0.00255596024726401","1.53419194232022","H31_BOVIN","KSAPATGGVKKPHR","[N-term] Propionyl:13C(3) (N-term)|[1] EG Trimethyl (K)|[1] Propionyl:13C(3) (K)|[10] Propionyl:13C(3) + Me (K)|[10] Propionyl:13C(3) (K)|[11] Propionyl:13C(3) (K)","sp|P68432|H31_BOVIN Histone H3.1 OS=Bos taurus OX=9913 PE=1 SV=2","0","0","0","0","0",,"x",,"x"
"2546","819.976617837213","38.5189","0.361616666666667","1637.93868274067","2","10.4372346113252","3602.33727187339","3650.23450267355","4043.35834204149","3021.8329172777","3805.23231460669","3778.90997793882","3728.4934138626","4043.35834204149","3021.98985339667","3822.17515944221","3486","2809","2904","2821","3155","38.34775","38.6709166666667","38.5061","38.5463833333333","38.5189",,"62.13","0.00868274066556296","5.30104501753003","H31_BOVIN","KSAPATGGVKKPHR","[N-term] Propionyl:13C(3) (N-term)|[1] EG Formyl (K)|[1] Propionyl:13C(3) (K)|[10] Propionyl:13C(3) (K)|[11] Propionyl:13C(3) (K)","sp|P68432|H31_BOVIN Histone H3.1 OS=Bos taurus OX=9913 PE=1 SV=2","2","1","1","1","1",,,,"x"
"2956","750.933889938089","40.3431333333333","0.48005","1499.85322694242","2","2.68212175107462","3253.87793699077","3237.27236908234","3172.5079721513","3362.23848757883","3380.82721687681","3413.37050783555","3306.67761157873","3172.5079721513","3362.41310234864","3395.88039266621","1962","1820","2650","2278","1815","40.0283833333333","40.4705833333333","40.2528166666667","40.3282666666667","40.3431333333333",,"74.98","0.00172694241837235","1.15140893506614","H4_BOVIN","GKGGKGLGKGGAKR","[N-term] Propionyl:13C(3) (N-term)|[2] EG Formyl (K)|[2] Propionyl:13C(3) (K)|[5] Propionyl:13C(3) (K)|[9] EG Acetyl ENKEL K (K)|[9] Propionyl:13C(3) (K)|[13] EG Acetyl ENKEL K (K)|[13] Propionyl:13C(3) (K)","sp|P62803|H4_BOVIN Histone H4 OS=Bos taurus OX=9913 PE=1 SV=2","1","2","1","1","2","x",,,
"16367","804.489344231235","25.5992333333333","0.5057","1606.96413552871","2","34.8465460541289","1727.88604580875","3344.86096888633","4007.82500941092","2723.54250176663","1924.94757166078","1812.58036837075","3416.57284857847","4007.82500941092","2723.68394644665","1933.5184249824","1471","2301","3558","3005","1896","25.3262333333333","25.79405","25.61345","25.6621333333333","25.5992333333333",,"39.22","0.00273552871044558","1.70229895406671","H31_BOVIN","KSAPATGGVKKPHR","[N-term] Propionyl:13C(3) (N-term)|[1] EG Dimethyl enkel K (K)|[1] Propionyl:13C(3) (K)|[10] EG Dimethyl enkel K (K)|[10] Propionyl:13C(3) (K)|[11] Propionyl:13C(3) (K)","sp|P68432|H31_BOVIN Histone H3.1 OS=Bos taurus OX=9913 PE=1 SV=2","0","1","1","0","1",,"x","x","x"
"4272","749.428612396619","38.0359833333333","0.322383333333333","1496.84267185948","2","13.464371952593","1648.50394975596","1343.03858204194","1576.7231700169","1167.77791468474","1388.09500191037","1729.30726754652","1371.83255049479","1576.7231700169","1167.83856215889","1394.27551239959","1735","1384","1507","1305","1555","37.7930833333333","38.2014333333333","38.0195666666667","38.0550833333333","38.0359833333333",,"76.02","0.00127185947758335","0.849695550633052","H4_BOVIN","GKGGKGLGKGGAKR","[N-term] Propionyl:13C(3) (N-term)|[2] EG Acetyl ENKEL K (K)|[2] Propionyl:13C(3) (K)|[5] EG Acetyl ENKEL K (K)|[5] Propionyl:13C(3) (K)|[9] EG Acetyl ENKEL K (K)|[9] Propionyl:13C(3) (K)|[13] EG Acetyl ENKEL K (K)|[13] Propionyl:13C(3) (K)","sp|P62803|H4_BOVIN Histone H4 OS=Bos taurus OX=9913 PE=1 SV=2","2","1","1","1","2","x",,,
"4408","557.326117306788","41.7049666666667","0.403483333333333","1668.95652251972","3","8.66599882248256","557.184748881703","565.74034602419","474.822579829266","469.413303402372","519.462556010688","584.495800419436","577.86949100464","474.822579829266","469.437681951432","521.775469587757","2177","1838","2056","2172","2186","41.3028666666667","41.8793833333333","41.5342666666667","41.7286666666667","41.7049666666667",,"41.77","-0.0148774802751177","-8.91416130624989","H31_BOVIN","KSAPATGGVKKPHR","[N-term] Propionyl:13C(3) (N-term)|[1] Propionyl:13C(3) (K)|[10] Propionyl:13C(3) (K)|[11] Propionyl:13C(3) (K)","sp|P68432|H31_BOVIN Histone H3.1 OS=Bos taurus OX=9913 PE=1 SV=2","1","1","1","1","0",,"x",,"x"
"4609","826.981167571761","42.2013333333333","0.337916666666667","1651.94778220976","2","24.6016078003401","1496.53352263582","987.27137188515","1210.79137508556","941.08659989697","1644.07076511191","1569.88783509087","1008.43789763994","1210.79137508556","941.135474365758","1651.39101091267","1621","1561","1821","2002","1381","41.8030666666667","42.3225833333333","42.0836","42.2496333333333","42.2013333333333",,"71.26","0.00208220976219309","1.26045896193385","H31_BOVIN","KSAPATGGVKKPHR","[N-term] Propionyl:13C(3) (N-term)|[1] EG Acetyl ENKEL K (K)|[1] Propionyl:13C(3) (K)|[10] Propionyl:13C(3) (K)|[11] Propionyl:13C(3) (K)","sp|P68432|H31_BOVIN Histone H3.1 OS=Bos taurus OX=9913 PE=1 SV=2","1","1","2","1","2",,"x",,"x"
"8816","835.491168445803","40.96185","0.272833333333333","1668.96778395785","2","14.4923296463657","295.38265681405","295.006548623442","239.818775012031","214.544274102447","298.585546216785","309.86117759157","301.33131796963","239.818775012031","214.555416262402","299.915002124185","573","748","682","461","664","40.5990333333333","41.0342833333333","40.81295","40.9338333333333","40.96185",,"49.68","-0.0036160421545901","-2.16662919124324","H31_BOVIN","KSAPATGGVKKPHR","[N-term] Propionyl:13C(3) (N-term)|[1] Propionyl:13C(3) (K)|[10] Propionyl:13C(3) (K)|[11] Propionyl:13C(3) (K)","sp|P68432|H31_BOVIN Histone H3.1 OS=Bos taurus OX=9913 PE=1 SV=2","0","1","1","0","1",,"x",,"x"
"16356","757.937322536069","40.5715333333333","0.203866666666667","1513.86009213838","2","15.8866651068014","781.92356097605","836.258062537225","557.108171983058","863.18694959229","755.365722461954","820.250443962789","854.186950502997","557.108171983058","863.231778414239","758.728997860573","763","900","855","884","764","40.22385","40.6328166666667","40.4478833333333","40.51905","40.5715333333333",,"67.34","-0.00710786162085242","-4.69516851996821","H4_BOVIN","GKGGKGLGKGGAKR","[N-term] Propionyl:13C(3) (N-term)|[2] EG Acetyl ENKEL K (K)|[2] Propionyl:13C(3) (K)|[5] EG Acetyl ENKEL K (K)|[5] Propionyl:13C(3) (K)|[9] EG Acetyl ENKEL K (K)|[9] Propionyl:13C(3) (K)|[13] Propionyl:13C(3) (K)","sp|P62803|H4_BOVIN Histone H4 OS=Bos taurus OX=9913 PE=1 SV=2","1","1","1","1","2","x",,"x",
"16350","766.454838370105","43.3611","0.2916","1530.89512380645","2","4.34928826663268","3610.95130726239","4024.31818548851","3818.70728392259","3796.80588923596","3994.08436296958","3787.94624018333","4110.59723392881","3818.70728392259","3797.00307286491","4011.86807393042","11064","9739","11135","11422","10178","42.9257166666667","43.50095","43.2236166666667","43.4447666666667","43.3611",,"77.36","0.00222380645004705","1.45262052626088","H4_BOVIN","GKGGKGLGKGGAKR","[N-term] Propionyl:13C(3) (N-term)|[2] EG Acetyl ENKEL K (K)|[2] Propionyl:13C(3) (K)|[5] Propionyl:13C(3) (K)|[9] EG Acetyl ENKEL K (K)|[9] Propionyl:13C(3) (K)|[13] Propionyl:13C(3) (K)","sp|P62803|H4_BOVIN Histone H4 OS=Bos taurus OX=9913 PE=1 SV=2","1","1","1","1","2","x",,"x",
"16355","768.412225565846","45.4244666666667","0.191133333333333","1534.80989819793","2","13.3175839878181","2326.33436424378","1733.36627299014","2188.97710081584","2168.97337961037","1758.68019623797","2440.36231968115","1770.52864080971","2188.97710081584","2169.08602325205","1766.51074197517","3150","2616","2601","2606","2378","45.1982166666667","45.57085","45.41185","45.5029","45.4244666666667",,,,,,,,,"0","0","0","0","0",,,"x",
"16359","759.441392315739","42.84255","0.340183333333333","1516.86823169772","2","9.97719303401457","1127.32072212913","1329.82699741513","1165.42529271553","1432.58756240236","1219.66649323607","1182.57764436797","1358.33771715418","1165.42529271553","1432.66196252251","1225.09707366782","1166","1101","1137","1849","1035","42.4288833333333","42.94575","42.6885666666667","42.91915","42.84255",,"67.6","-0.00906830228177569","-5.97827014866376","H4_BOVIN","GKGGKGLGKGGAKR","[N-term] Propionyl:13C(3) (N-term)|[2] EG Formyl (K)|[2] Propionyl:13C(3) (K)|[5] Propionyl:13C(3) (K)|[9] EG Acetyl ENKEL K (K)|[9] Propionyl:13C(3) (K)|[13] Propionyl:13C(3) (K)","sp|P62803|H4_BOVIN Histone H4 OS=Bos taurus OX=9913 PE=1 SV=2","2","1","2","1","1","x",,"x",
