,,,,,,,"Normalized abundance",,,,,"Raw abundance",,,,,"Intensity",,,,,"Sample retention time (min)",,,,,,,,,,,,,"Best peptide spectral counts",,,,,,,
,,,,,,,"Heavy",,,,,"Heavy",,,,,"Heavy",,,,,"Heavy",,,,,,"Best peptide match",,,,,,,"Heavy",,,,,"Tags",,
"#","m/z","Retention time (min)","Retention time window (min)","Mass","Charge","Maximum CV","170714_Heavy_06","170714_Heavy_07","170714_Heavy_08","170714_Heavy_09","170714_Heavy_10","170714_Heavy_06","170714_Heavy_07","170714_Heavy_08","170714_Heavy_09","170714_Heavy_10","170714_Heavy_06","170714_Heavy_07","170714_Heavy_08","170714_Heavy_09","170714_Heavy_10","170714_Heavy_06","170714_Heavy_07","170714_Heavy_08","170714_Heavy_09","170714_Heavy_10","Notes","Score","Mass error (u)","Mass error (ppm)","Protein","Sequence","Variable modifications ([position] description)","Description","170714_Heavy_06","170714_Heavy_07","170714_Heavy_08","170714_Heavy_09","170714_Heavy_10","GKGG","Edited","KSAPAT"
"6","549.020087499746","38.3301","0.536766666666667","1644.0384330986","3","11.1419846074976","569989.138411094","585468.633706873","735569.202800483","693596.391717894","617840.646881858","473954.220586901","683833.778955198","660543.515057346","693596.391717894","587427.137393533","775926","780838","757812","790512","736008","38.6639","38.3301","38.32715","38.5192666666667","38.3015833333333",,"46.52","0.00803309859793444","4.88622266226612","H31_BOVIN","KSAPATGGVKKPHR","[N-term] Propionyl Heavy N-term (N-term)|[1] EG Dimethyl enkel K (K)|[1] Propionyl Heavy K (K)|[10] Propionyl Heavy K (K)|[11] Propionyl Heavy K (K)","sp|P68432|H31_BOVIN Histone H3.1 OS=Bos taurus OX=9913 PE=1 SV=2","2","1","1","2","2",,,"x"
"29","779.01093778077","53.6835666666667","0.637666666666667","1556.00732262778","2","10.6042701890267","286846.331277665","219845.014939481","232821.188607638","258569.742834681","267020.530753825","238516.877265238","256781.386218202","209074.177816594","258569.742834681","253876.313896866","348487","382247","322843","327260","355752","54.0448833333333","53.6835666666667","53.8261666666667","54.0374666666667","53.6273666666667",,"36.69","0.00342262778076474","2.19962673664555","H4_BOVIN","GKGGKGLGKGGAKR","[N-term] Propionyl Heavy N-term (N-term)|[2] Propionyl Heavy K (K)|[5] Propionyl Heavy K (K)|[9] Propionyl Heavy K (K)|[13] EG Acetyl ENKEL K (K)|[13] Propionyl Heavy K (K)","sp|P62803|H4_BOVIN Histone H4 OS=Bos taurus OX=9913 PE=1 SV=2","0","1","0","1","0","x",,
"30","788.535081874108","56.0039166666667","0.809816666666667","1575.05561081446","2","8.34060669920677","374846.63663609","310283.771414448","307121.87876896","335249.26297273","347053.541446517","311690.405192151","362414.844688412","275796.437073089","335249.26297273","329969.660304979","358415","373972","331329","459137","371214","56.4587666666667","56.0039166666667","56.0609333333333","56.4192166666667","56.0436333333333",,"79.04","0.00471081445516575","2.99089664668345","H4_BOVIN","GKGGKGLGKGGAKR","[N-term] Propionyl Heavy N-term (N-term)|[2] Propionyl Heavy K (K)|[5] Propionyl Heavy K (K)|[9] Propionyl Heavy K (K)|[13] Propionyl Heavy K (K)","sp|P62803|H4_BOVIN Histone H4 OS=Bos taurus OX=9913 PE=1 SV=2","2","3","2","3","2","x",,
"31","553.690224802049","41.6850166666667","0.52615","1658.04884500551","3","9.88680474001348","250914.816325509","213082.518958862","275551.039299221","270053.289754079","266067.938356462","208639.302385253","248882.716818414","247445.721467735","270053.289754079","252970.613328427","293121","422780","308199","352604","335316","42.03","41.6850166666667","41.66815","41.9105333333333","41.6582666666667",,"61.68","0.00284500550606026","1.71587851366021","H31_BOVIN","KSAPATGGVKKPHR","[N-term] Propionyl Heavy N-term (N-term)|[1] EG Dimethyl enkel K (K)|[1] Propionyl Heavy K (K)|[10] Propionyl Heavy + Me (K) (K)|[10] Propionyl Heavy K (K)|[11] Propionyl Heavy K (K)","sp|P68432|H31_BOVIN Histone H3.1 OS=Bos taurus OX=9913 PE=1 SV=2","1","1","1","1","1",,,"x"
"43","839.537238234772","48.8545","0.499133333333333","1677.05992353578","2","11.2071923600915","162781.563780144","200190.323654669","224483.819087379","198936.611341372","202073.28478746","135355.226947661","233824.49144761","201587.193113759","198936.611341372","192126.128032337","227734","324369","259245","269993","275550","49.32215","48.8545","48.9788333333333","49.1490333333333","48.8556166666667",,"68.52","0.00322353578394541","1.92213881852975","H31_BOVIN","KSAPATGGVKKPHR","[N-term] Propionyl Heavy N-term (N-term)|[1] Propionyl Heavy K (K)|[10] Propionyl Heavy K (K)|[11] Propionyl Heavy K (K)","sp|P68432|H31_BOVIN Histone H3.1 OS=Bos taurus OX=9913 PE=1 SV=2","2","2","2","1","1",,,"x"
"47","403.758880996699","31.6995666666667","0.57075","1611.00641811927","4","8.36643252723638","217703.190354565","241507.895084883","257080.886150898","262494.178705943","222159.310706262","181023.354570244","282083.867581022","230859.464406141","262494.178705943","211223.409453755","219178","335676","236089","268092","240912","31.9499","31.6995666666667","31.62695","31.8189833333333","31.64115",,"48.28","0.002318119273923","1.43892822738502","H31_BOVIN","KSAPATGGVKKPHR","[N-term] Propionyl Heavy N-term (N-term)|[1] EG Dimethyl enkel K (K)|[1] Propionyl Heavy K (K)|[10] EG Dimethyl enkel K (K)|[10] Propionyl Heavy K (K)|[11] Propionyl Heavy K (K)","sp|P68432|H31_BOVIN Histone H3.1 OS=Bos taurus OX=9913 PE=1 SV=2","2","1","2","1","2",,,"x"
"48","553.690658024179","45.2670833333333","0.47965","1658.0501446719","3","17.5807167687905","181865.224305133","186753.78897167","260880.256943152","172089.053493964","209535.996267441","151223.566957225","218130.471718214","234271.311624006","172089.053493964","199221.483872072","252605","345691","289163","292167","286163","45.63185","45.2670833333333","45.3136833333333","45.4553666666667","45.3111833333333",,"---","0.00414467189580137","2.49973275518373","H31_BOVIN","KSAPATGGVKKPHR","[N-term] Propionyl Heavy N-term (N-term)|[1] Propionyl Heavy + Me (K) (K)|[1] Propionyl Heavy K (K)|[10] EG Dimethyl enkel K (K)|[10] Propionyl Heavy K (K)|[11] Propionyl Heavy K (K)","sp|P68432|H31_BOVIN Histone H3.1 OS=Bos taurus OX=9913 PE=1 SV=2","0","0","0","0","0",,,"x"
"49","549.018899172437","41.2129333333333","0.693583333333333","1644.03486811667","3","7.15023479757899","159209.594173748","184307.591647573","178964.770621084","184962.148359739","193714.037011297","132385.082506875","215273.286441496","160710.940870572","184962.148359739","184178.368336213","221956","283013","247454","254860","233029","41.5110833333333","41.2129333333333","41.2332833333333","41.4326","41.1975666666667",,"74.29","0.00446811667143265","2.71778226937449","H31_BOVIN","KSAPATGGVKKPHR","[N-term] Propionyl Heavy N-term (N-term)|[1] EG Dimethyl enkel K (K)|[1] Propionyl Heavy K (K)|[10] Propionyl Heavy K (K)|[11] Propionyl Heavy K (K)","sp|P68432|H31_BOVIN Histone H3.1 OS=Bos taurus OX=9913 PE=1 SV=2","1","1","1","1","1",,,"x"
"56","846.545374046232","52.9950166666667","0.434466666666667","1691.0761951587","2","10.9119640124515","143616.112676823","167115.027548936","158229.27871318","148375.250521053","187999.4757267","119418.876888092","195192.183201068","142090.402301063","148375.250521053","178745.109139344","249136","315011","192844","242469","238773","53.4118666666667","52.9950166666667","53.09375","53.3649666666667","53.02855",,"61.84","0.00389515870324431","2.30336615604448","H31_BOVIN","KSAPATGGVKKPHR","[N-term] Propionyl Heavy N-term (N-term)|[1] Propionyl Heavy + Me (K) (K)|[1] Propionyl Heavy K (K)|[10] Propionyl Heavy K (K)|[11] Propionyl Heavy K (K)","sp|P68432|H31_BOVIN Histone H3.1 OS=Bos taurus OX=9913 PE=1 SV=2","2","2","1","2","1",,,"x"
"12680","553.690258441674","38.2804","0.319783333333333","1658.04894592438","3","12.2854579467376","129560.759115676","127245.842798174","97736.3674991894","110335.137930383","104630.998079435","107731.646916102","148624.538578749","87767.5730455538","110335.137930383","99480.4857767529","228142","403468","287002","297932","263485","38.6185833333333","38.2804","38.2350833333333","38.4435166666667","38.2133166666667",,"41.02","0.00294592438353902","1.77674466422465","H31_BOVIN","KSAPATGGVKKPHR","[N-term] Propionyl Heavy N-term (N-term)|[1] EG Trimethyl (K)|[1] Propionyl Heavy K (K)|[10] Propionyl Heavy K (K)|[11] Propionyl Heavy K (K)","sp|P68432|H31_BOVIN Histone H3.1 OS=Bos taurus OX=9913 PE=1 SV=2","0","0","1","0","1",,"x","x"
"12666","769.487212885329","50.8795833333333","0.627633333333333","1536.9598728369","2","21.312373861327","92049.369175745","56258.2384099855","63184.7216729956","61028.8509809301","80176.25993617","76540.3831111967","65710.2388657157","56740.0837241431","61028.8509809301","76229.5441371795","86162","94102","75340","84078","85606","51.2997833333333","50.8795833333333","50.9005833333333","51.1043666666667","50.9187333333333",,"66.35","0.00297283689792494","1.93423569517462","H4_BOVIN","GKGGKGLGKGGAKR","[N-term] Propionyl Heavy N-term (N-term)|[2] Propionyl Heavy K (K)|[5] Propionyl Heavy K (K)|[9] EG Acetyl ENKEL K (K)|[9] Propionyl Heavy K (K)|[13] EG Acetyl ENKEL K (K)|[13] Propionyl Heavy K (K)","sp|P62803|H4_BOVIN Histone H4 OS=Bos taurus OX=9913 PE=1 SV=2","1","1","1","1","1","x","x",
"154","553.689981600248","41.1349333333333","0.622516666666667","1658.0481154001","3","9.42918608368901","48488.1718061555","37478.0811455816","43538.178676127","46176.1259268747","45496.4684078902","40318.6168426518","43774.8094129397","39097.4247867257","46176.1259268747","43256.8823906995","74873","126664","86109","95592","87770","41.4493333333333","41.1349333333333","41.01965","41.3655833333333","41.1355166666667",,"---","0.00211540010332101","1.27583921273656","H31_BOVIN","KSAPATGGVKKPHR","[N-term] Propionyl Heavy N-term (N-term)|[1] Propionyl Heavy K (K)|[10] EG Trimethyl (K)|[10] Propionyl Heavy K (K)|[11] Propionyl Heavy K (K)","sp|P68432|H31_BOVIN Histone H3.1 OS=Bos taurus OX=9913 PE=1 SV=2","0","0","0","0","0",,,"x"
"155","558.361131392883","41.5364","0.356866666666667","1672.06156477801","3","10.0151581774923","43984.8670550344","48662.2587498954","38589.4733572407","38577.7694896951","41459.9492377577","36574.0537456556","56838.0513961016","34653.4714593231","38577.7694896951","39419.062860515","52061","94079","53506","62731","63203","41.8348666666667","41.5364","41.5446666666667","41.7660666666667","41.5151333333333",,"46.44","-0.000135221990831269","-0.0808714121202998","H31_BOVIN","KSAPATGGVKKPHR","[N-term] Propionyl Heavy N-term (N-term)|[1] EG Trimethyl (K)|[1] Propionyl Heavy K (K)|[10] Propionyl Heavy + Me (K) (K)|[10] Propionyl Heavy K (K)|[11] Propionyl Heavy K (K)","sp|P68432|H31_BOVIN Histone H3.1 OS=Bos taurus OX=9913 PE=1 SV=2","1","1","1","1","1",,,"x"
"12657","779.0106430083","53.2547666666667","0.320683333333333","1556.00673308284","2","20.5746235955231","84595.2721081428","50725.2374909368","67441.4442619943","79617.5955864235","59016.8391813584","70342.1934830525","59247.6331690115","60562.6343296554","79617.5955864235","56111.7062680873","53035","56272","40677","51490","48549","53.7019","53.2547666666667","53.4387333333333","53.5576666666667","53.2187166666667",,"52.28","0.00283308283951556","1.82074276260847","H4_BOVIN","GKGGKGLGKGGAKR","[N-term] Propionyl Heavy N-term (N-term)|[2] Propionyl Heavy K (K)|[5] Propionyl Heavy K (K)|[9] EG Acetyl ENKEL K (K)|[9] Propionyl Heavy K (K)|[13] Propionyl Heavy K (K)","sp|P62803|H4_BOVIN Histone H4 OS=Bos taurus OX=9913 PE=1 SV=2","2","2","2","2","0","x","x",
"270","846.544775673469","52.1086833333333","0.492466666666667","1691.07499841318","2","15.4398145630579","37674.1016359192","26728.2984238102","26480.9210401732","30214.7730688684","28233.630076432","31326.5609357727","31218.9454121082","23779.9524493912","30214.7730688684","26843.8157601466","37017","53415","30424","41147","36906","52.50045","52.1086833333333","52.2985833333333","52.3992333333333","52.1586833333333",,"78.2","0.00269841317731334","1.5956817324211","H31_BOVIN","KSAPATGGVKKPHR","[N-term] Propionyl Heavy N-term (N-term)|[1] Propionyl Heavy K (K)|[10] Propionyl Heavy + Me (K) (K)|[10] Propionyl Heavy K (K)|[11] Propionyl Heavy K (K)","sp|P68432|H31_BOVIN Histone H3.1 OS=Bos taurus OX=9913 PE=1 SV=2","2","2","2","1","2",,,"x"
"12683","407.262295504673","31.5858166666667","0.519783333333333","1625.02007615117","4","5.72637645149276","33020.5943554734","31246.6443676577","35229.4805128801","35750.8728098838","35516.0921887437","27457.1022610911","36496.4229805394","31636.1870549032","35750.8728098838","33767.7950959221","23812","40789","26993","31102","27648","31.8406833333333","31.5858166666667","31.4762333333333","31.6938833333333","31.5157333333333",,"45.84","0.000376151172076789","0.231474838167678","H31_BOVIN","KSAPATGGVKKPHR","[N-term] Propionyl Heavy N-term (N-term)|[1] EG Trimethyl (K)|[1] Propionyl Heavy K (K)|[10] EG Dimethyl enkel K (K)|[10] Propionyl Heavy K (K)|[11] Propionyl Heavy K (K)","sp|P68432|H31_BOVIN Histone H3.1 OS=Bos taurus OX=9913 PE=1 SV=2","1","1","1","1","1",,"x","x"
"12682","558.34933149004","41.1970166666667","0.278533333333333","1672.02616506948","3","19.3513619368753","12142.8376284154","17399.1589801465","19816.704396233","14148.7808593576","14445.1976897242","10096.94528554","20322.4083256233","17795.4644225237","14148.7808593576","13734.1257341732","14740","28818","22523","18655","19995","41.4924666666667","41.1970166666667","41.1939","41.4151","41.1843333333333",,,,,,,,,"0","0","0","0","0",,"x","x"
"456","823.023580071899","38.3456333333333","0.442283333333333","1644.03260721004","2","8.53667259356653","25255.7943563977","27061.7432271941","26326.0398436641","21504.2679602998","25107.7923086809","21000.5586472357","31608.4125959046","23640.8686357011","21504.2679602998","23871.8488927454","18227","20847","13510","10475","15370","38.6716833333333","38.3456333333333","38.3525","38.5350833333333","38.3164666666667",,"88.1","0.00220721003779545","1.34256035520721","H31_BOVIN","KSAPATGGVKKPHR","[N-term] Propionyl Heavy N-term (N-term)|[1] EG Dimethyl enkel K (K)|[1] Propionyl Heavy K (K)|[10] Propionyl Heavy K (K)|[11] Propionyl Heavy K (K)","sp|P68432|H31_BOVIN Histone H3.1 OS=Bos taurus OX=9913 PE=1 SV=2","2","2","1","1","2",,,"x"
"466","853.552836583064","56.1264666666667","0.6253","1705.09112023237","2","3.76160695654531","25069.6320756316","27808.1906942065","26774.4039563409","26927.5788445197","27014.358402206","20845.7620156207","32480.2714159523","24043.5010540862","26927.5788445197","25684.5633333108","16135","23703","20076","22474","16221","56.5359166666667","56.1264666666667","56.1489","56.4862666666667","56.1438833333333",,"61.5","0.00312023236870118","1.82995386085714","H31_BOVIN","KSAPATGGVKKPHR","[N-term] Propionyl Heavy N-term (N-term)|[1] Propionyl Heavy + Me (K) (K)|[1] Propionyl Heavy K (K)|[10] Propionyl Heavy + Me (K) (K)|[10] Propionyl Heavy K (K)|[11] Propionyl Heavy K (K)","sp|P68432|H31_BOVIN Histone H3.1 OS=Bos taurus OX=9913 PE=1 SV=2","2","1","1","2","1",,,"x"
"511","538.008723369902","31.6848","0.5363","1611.00434070907","3","13.730446919424","27298.7613645893","33817.3854332538","30076.8481826245","26361.1523346257","23632.3293957651","22699.3152915313","39499.0767119125","27009.1066139778","26361.1523346257","22469.0163668528","11025","22541","13871","11506","21630","31.9300833333333","31.6848","31.59945","31.80205","31.63175",,"36.02","0.000240709065110423","0.149415550904199","H31_BOVIN","KSAPATGGVKKPHR","[N-term] Propionyl Heavy N-term (N-term)|[1] EG Dimethyl enkel K (K)|[1] Propionyl Heavy K (K)|[10] EG Dimethyl enkel K (K)|[10] Propionyl Heavy K (K)|[11] Propionyl Heavy K (K)","sp|P68432|H31_BOVIN Histone H3.1 OS=Bos taurus OX=9913 PE=1 SV=2","0","0","1","0","1",,,"x"
"12670","759.962773815988","47.84595","0.548333333333333","1517.91099469822","2","23.0663715827469","20734.9542434414","13017.2786821488","12794.6177180118","13281.4630342669","13660.6693931953","17241.4146430058","15204.3241267534","11489.6079513581","13281.4630342669","12988.2162286072","10871","8984","7947","9393","11385","48.2837333333333","47.84595","47.9271833333333","48.2339833333333","47.8678666666667",,"75.65","0.00119469821561324","0.787067990214731","H4_BOVIN","GKGGKGLGKGGAKR","[N-term] Propionyl Heavy N-term (N-term)|[2] EG Acetyl ENKEL K (K)|[2] Propionyl Heavy K (K)|[5] Propionyl Heavy K (K)|[9] EG Acetyl ENKEL K (K)|[9] Propionyl Heavy K (K)|[13] EG Acetyl ENKEL K (K)|[13] Propionyl Heavy K (K)","sp|P62803|H4_BOVIN Histone H4 OS=Bos taurus OX=9913 PE=1 SV=2","1","2","2","2","2","x","x",
"684","772.001916755794","52.8292833333333","0.645066666666667","1541.98928057783","2","52.3425544524399","10014.4126900683","15540.6016721682","8719.29352429674","8374.35050639626","25170.468218342","8327.12913510581","18151.5930263088","7829.95368950749","8374.35050639626","23931.4395499505","4588","14675","4754","5675","16787","53.1931333333333","52.8292833333333","52.9273166666667","53.1495166666667","52.8469166666667",,"83.01","0.000980577828386231","0.635917813634663","H4_BOVIN","GKGGKGLGKGGAKR","[N-term] Propionyl Heavy N-term (N-term)|[2] EG Formyl (K)|[2] Propionyl Heavy K (K)|[5] Propionyl Heavy K (K)|[9] Propionyl Heavy K (K)|[13] Propionyl Heavy K (K)","sp|P62803|H4_BOVIN Histone H4 OS=Bos taurus OX=9913 PE=1 SV=2","1","1","1","1","1","x",,
"816","762.478418120715","50.2614833333333","0.373366666666667","1522.94228330767","2","27.6717895449742","7222.44366741028","9158.22002902603","6241.28368713058","6895.77241172836","11892.0037060642","6005.56647213053","10696.9013374807","5604.6928684228","6895.77241172836","11306.6139791583","4423","10016","4989","6044","13587","50.6977166666667","50.2614833333333","50.3639333333333","50.55695","50.2852333333333",,"76.36","0.00108330766965992","0.711325998442958","H4_BOVIN","GKGGKGLGKGGAKR","[N-term] Propionyl Heavy N-term (N-term)|[2] EG Formyl (K)|[2] Propionyl Heavy K (K)|[5] Propionyl Heavy K (K)|[9] Propionyl Heavy K (K)|[13] EG Acetyl ENKEL K (K)|[13] Propionyl Heavy K (K)","sp|P62803|H4_BOVIN Histone H4 OS=Bos taurus OX=9913 PE=1 SV=2","2","1","2","1","1","x",,
"1077","542.668900268461","38.6948833333333","0.349066666666667","1624.98487140474","3","25.5091084644774","5977.61191773337","3126.16531273941","4372.48484029704","4729.40798317948","3551.71098456049","4970.47085026549","3651.39533763575","3926.50548031192","4729.40798317948","3376.87626581241","4674","6125","4614","5421","4725","38.9948","38.6948833333333","38.7325166666667","38.8979","38.6751333333333",,"40.78","0.00157140474425432","0.967028242231365","H31_BOVIN","KSAPATGGVKKPHR","[N-term] Propionyl Heavy N-term (N-term)|[1] EG Acetyl ENKEL K (K)|[1] Propionyl Heavy K (K)|[10] EG Dimethyl enkel K (K)|[10] Propionyl Heavy K (K)|[11] Propionyl Heavy K (K)","sp|P68432|H31_BOVIN Histone H3.1 OS=Bos taurus OX=9913 PE=1 SV=2","1","1","1","1","0",,,"x"
"12677","558.349350075665","43.0739833333333","0.2623","1672.02622082636","3","12.7625278928774","4971.24818238095","5633.4096159019","7010.04735618523","5840.41797948925","6282.95806912167","4133.66483472372","6579.8841547735","6295.0451211713","5840.41797948925","5973.6763703303","5570","6380","6016","6136","5368","43.4429","43.0739833333333","43.0921","43.3239666666667","43.0644833333333",,,,,,,,,"0","0","0","0","0",,"x","x"
"1322","549.017046564811","37.6372666666667","0.297266666666667","1644.02931029379","3","23.4755472394995","3281.97151039425","3183.87476185624","3502.76659127356","4433.70503845387","2247.12957265173","2729.00682552207","3718.80060650749","3145.49568934693","4433.70503845387","2136.51351505783","2877","5146","3604","5539","2695","37.94","37.6372666666667","37.5568833333333","37.8122","37.5459",,"22.69","-0.0010897062074946","-0.662826069088869","H31_BOVIN","KSAPATGGVKKPHR","[N-term] Propionyl Heavy N-term (N-term)|[1] EG Dimethyl enkel K (K)|[1] Propionyl Heavy K (K)|[10] Propionyl Heavy K (K)|[11] Propionyl Heavy K (K)","sp|P68432|H31_BOVIN Histone H3.1 OS=Bos taurus OX=9913 PE=1 SV=2","0","0","0","0","1",,,"x"
"1407","560.02650877716","48.8545","0.323416666666667","1677.05769693084","3","17.9719242041144","2870.29864784921","3552.61446510515","4746.12615310788","3793.8150553586","3734.88216726413","2386.69488033621","4149.49262006081","4262.0365835651","3793.8150553586","3551.03075702569","2937","3790","4177","3926","3484","49.32215","48.8545","48.9788333333333","49.1490333333333","48.8556166666667",,"54.47","0.000996930840983623","0.594452674726873","H31_BOVIN","KSAPATGGVKKPHR","[N-term] Propionyl Heavy N-term (N-term)|[1] Propionyl Heavy K (K)|[10] Propionyl Heavy K (K)|[11] Propionyl Heavy K (K)","sp|P68432|H31_BOVIN Histone H3.1 OS=Bos taurus OX=9913 PE=1 SV=2","1","1","1","1","1",,,"x"
"1411","830.02985134295","41.69495","0.3174","1658.04514975214","2","17.9354797914941","7654.47257838274","5939.15709562782","9072.75500939303","7665.44674761713","9606.64102694185","6364.80476628778","6937.00056106707","8147.36324242786","7665.44674761713","9133.74940108594","4134","4730","3915","3574","4296","42.0435","41.69495","41.6743833333333","41.9200833333333","41.667",,"82.34","-0.000850247859489173","-0.51280112824926","H31_BOVIN","KSAPATGGVKKPHR","[N-term] Propionyl Heavy N-term (N-term)|[1] EG Dimethyl enkel K (K)|[1] Propionyl Heavy K (K)|[10] Propionyl Heavy + Me (K) (K)|[10] Propionyl Heavy K (K)|[11] Propionyl Heavy K (K)","sp|P68432|H31_BOVIN Histone H3.1 OS=Bos taurus OX=9913 PE=1 SV=2","2","2","2","2","2",,,"x"
"1577","564.698664105381","53.0206","0.289933333333333","1691.0741629155","3","3.95694928701098","2544.18719276213","2553.05511853882","2660.28803901706","2396.08146890274","2621.51566037353","2115.52848416397","2981.99635143121","2388.94723387975","2396.08146890274","2492.47026361476","3085","3505","2421","3442","2138","53.4273","53.0206","53.12365","53.3832166666667","53.0404333333333",,"---","0.00186291550357964","1.10161789272974","H31_BOVIN","KSAPATGGVKKPHR","[N-term] Propionyl Heavy N-term (N-term)|[1] Propionyl Heavy + Me (K) (K)|[1] Propionyl Heavy K (K)|[10] Propionyl Heavy K (K)|[11] Propionyl Heavy K (K)","sp|P68432|H31_BOVIN Histone H3.1 OS=Bos taurus OX=9913 PE=1 SV=2","0","0","0","0","0",,,"x"
"1621","830.01221512857","49.45295","0.333133333333333","1658.00987732338","2","48.1573092248051","3379.50087284106","6100.25832811861","2565.36613634792","2320.55491563017","6618.94931816609","2810.10390237457","7125.16856574907","2303.70705932337","2320.55491563017","6293.12828501338","1962","4971","1749","2054","4363","49.8654333333333","49.45295","49.5134333333333","49.6580833333333","49.4620666666667",,"63.83","0.000277323379577865","0.16726283103419","H31_BOVIN","KSAPATGGVKKPHR","[N-term] Propionyl Heavy N-term (N-term)|[1] EG Acetyl ENKEL K (K)|[1] Propionyl Heavy K (K)|[10] Propionyl Heavy K (K)|[11] Propionyl Heavy K (K)","sp|P68432|H31_BOVIN Histone H3.1 OS=Bos taurus OX=9913 PE=1 SV=2","2","2","1","2","2",,,"x"
"1635","830.030204600306","45.2670833333333","0.396366666666667","1658.04585626685","2","24.6756626200485","5154.56633972955","4928.30559851429","7749.54502177108","4346.17932628164","4912.2086679403","4286.09653654137","5756.31493687399","6959.11640847243","4346.17932628164","4670.40278209414","4296","3507","3482","2333","2465","45.63185","45.2670833333333","45.3136833333333","45.4553666666667","45.3111833333333",,"63.39","-0.000143733148888714","-0.0866882757708254","H31_BOVIN","KSAPATGGVKKPHR","[N-term] Propionyl Heavy N-term (N-term)|[1] Propionyl Heavy + Me (K) (K)|[1] Propionyl Heavy K (K)|[10] EG Dimethyl enkel K (K)|[10] Propionyl Heavy K (K)|[11] Propionyl Heavy K (K)","sp|P68432|H31_BOVIN Histone H3.1 OS=Bos taurus OX=9913 PE=1 SV=2","2","2","2","1","1",,,"x"
"1801","823.02180222788","41.2331166666667","0.36505","1644.029051522","2","7.98021546321218","4952.3096862657","4752.13212643924","4652.48071050512","4782.35438330607","5635.38427109007","4117.91720102247","5550.54239121605","4177.94267426272","4782.35438330607","5357.9797107651","2448","2992","2064","2457","2492","41.5277166666667","41.2331166666667","41.2611666666667","41.44595","41.2149833333333",,"66.74","-0.00134847799904492","-0.820226924663265","H31_BOVIN","KSAPATGGVKKPHR","[N-term] Propionyl Heavy N-term (N-term)|[1] Propionyl Heavy K (K)|[10] EG Dimethyl enkel K (K)|[10] Propionyl Heavy K (K)|[11] Propionyl Heavy K (K)","sp|P68432|H31_BOVIN Histone H3.1 OS=Bos taurus OX=9913 PE=1 SV=2","2","1","1","2","2",,,"x"
"1806","537.99680723823","38.0925","0.28985","1610.96859231405","3","43.2090840075959","2165.19591509313","3576.7052644731","1831.17611337647","1459.21573612847","4038.40436573055","1800.39174994906","4177.63093767747","1644.40205219798","1459.21573612847","3839.61192610279","2258","5770","2480","2018","5833","38.43105","38.0925","38.0268833333333","38.2408","37.9785166666667",,"33.82","0.00089231404945167","0.553899404346636","H31_BOVIN","KSAPATGGVKKPHR","[N-term] Propionyl Heavy N-term (N-term)|[1] EG Formyl (K)|[1] Propionyl Heavy K (K)|[10] EG Dimethyl enkel K (K)|[10] Propionyl Heavy K (K)|[11] Propionyl Heavy K (K)","sp|P68432|H31_BOVIN Histone H3.1 OS=Bos taurus OX=9913 PE=1 SV=2","1","0","1","0","1",,,"x"
"1891","553.688799743109","44.3966333333333","0.412466666666667","1658.04456982869","3","10.476424580689","2499.70771583606","2080.43031895077","2333.45543204732","2691.94966245133","2683.04175944115","2078.54315514985","2429.96540711925","2095.45049934924","2691.94966245133","2550.96771021801","2177","3520","2252","3314","2272","44.7179833333333","44.3966333333333","44.35285","44.5771666666667","44.3937",,"31.67","-0.00143017131313172","-0.862564315544757","H31_BOVIN","KSAPATGGVKKPHR","[N-term] Propionyl Heavy N-term (N-term)|[1] Propionyl Heavy + Me (K) (K)|[1] Propionyl Heavy K (K)|[10] EG Dimethyl enkel K (K)|[10] Propionyl Heavy K (K)|[11] Propionyl Heavy K (K)","sp|P68432|H31_BOVIN Histone H3.1 OS=Bos taurus OX=9913 PE=1 SV=2","0","1","0","1","0",,,"x"
"1982","542.680822231311","31.5124166666667","0.352116666666667","1625.02063729329","3","7.85263365507139","3938.91543840268","4114.79406862847","4415.95971041643","3631.14430533111","3740.25548984219","3275.26521254412","4806.12455659144","3965.54605381064","3631.14430533111","3556.13957515905","1985","3796","2144","1945","1997","31.7891166666667","31.5124166666667","31.3829","31.6127333333333","31.4215666666667",,"25.39","0.000937293292508912","0.576788879857218","H31_BOVIN","KSAPATGGVKKPHR","[N-term] Propionyl Heavy N-term (N-term)|[1] EG Dimethyl enkel K (K)|[1] Propionyl Heavy K (K)|[10] EG Trimethyl (K)|[10] Propionyl Heavy K (K)|[11] Propionyl Heavy K (K)","sp|P68432|H31_BOVIN Histone H3.1 OS=Bos taurus OX=9913 PE=1 SV=2","0","0","0","0","1",,,"x"
"2059","830.029418966156","38.2745666666667","0.1712","1658.04428499855","2","23.7682690415801","3619.99919619946","3849.41229896066","2367.67875000817","2274.39238895337","2911.44829387765","3010.08174005325","4496.15574191943","2126.18314918928","2274.39238895337","2768.1308207436","2311","3920","2278","2284","2851","38.6113","38.2745666666667","38.2119","38.4373166666667","38.2060333333333",,"31.66","-0.00171500144892889","-1.03435094619141","H31_BOVIN","KSAPATGGVKKPHR","[N-term] Propionyl Heavy N-term (N-term)|[1] EG Dimethyl enkel K (K)|[1] Propionyl Heavy K (K)|[10] Propionyl Heavy K (K)|[11] Propionyl Heavy + Me (K) (K)|[11] Propionyl Heavy K (K)","sp|P68432|H31_BOVIN Histone H3.1 OS=Bos taurus OX=9913 PE=1 SV=2","1","0","0","0","1",,,"x"
"2167","823.004241945672","45.6008166666667","0.35595","1643.99393095758","2","40.0844339699027","3179.79842760866","4386.10176107621","2278.85559321291","2317.19304165486","5579.91012472046","2644.04842797857","5123.01491399876","2046.4196680856","2317.19304165486","5305.236306514","1396","3649","1506","1499","3807","45.9324666666667","45.6008166666667","45.6881166666667","45.8349833333333","45.6583",,"72.39","-6.90424164986325E-05","-0.0419967569824662","H31_BOVIN","KSAPATGGVKKPHR","[N-term] Propionyl Heavy N-term (N-term)|[1] EG Formyl (K)|[1] Propionyl Heavy K (K)|[10] Propionyl Heavy K (K)|[11] Propionyl Heavy K (K)","sp|P68432|H31_BOVIN Histone H3.1 OS=Bos taurus OX=9913 PE=1 SV=2","1","2","2","2","1",,,"x"
"2559","762.476744141014","49.8479666666667","0.307533333333333","1522.93893534827","2","34.2746832309326","1831.21181113025","2247.16488775062","1978.44147636768","2125.4055222257","3857.74494232599","1522.67913226059","2624.71321033282","1776.64682284099","2125.4055222257","3667.84555160267","1421","2045","1031","1400","1811","50.2981","49.8479666666667","49.9594833333333","50.128","49.8436",,"45.82","-0.0022646517315934","-1.48702506150165","H4_BOVIN","GKGGKGLGKGGAKR","[N-term] Propionyl Heavy N-term (N-term)|[2] EG Formyl (K)|[2] Propionyl Heavy K (K)|[5] Propionyl Heavy K (K)|[9] EG Acetyl ENKEL K (K)|[9] Propionyl Heavy K (K)|[13] Propionyl Heavy K (K)","sp|P62803|H4_BOVIN Histone H4 OS=Bos taurus OX=9913 PE=1 SV=2","0","1","1","0","1","x",,
"2707","403.758035502122","30.5911333333333","0.2673","1611.00303614097","4","12.9238527765448","1761.4797475461","2200.2523117852","2342.58380024104","2529.23234031007","2157.34449027083","1464.69591184682","2569.91880759968","2103.64780341045","2529.23234031007","2051.14814748313","1415","2332","1425","3740","1866","30.9253666666667","30.5911333333333","30.4994","30.6321","30.4463",,"32.84","-0.00106385903268347","-0.660370158389707","H31_BOVIN","KSAPATGGVKKPHR","[N-term] Propionyl Heavy N-term (N-term)|[1] EG Dimethyl enkel K (K)|[1] Propionyl Heavy K (K)|[10] EG Dimethyl enkel K (K)|[10] Propionyl Heavy K (K)|[11] Propionyl Heavy K (K)","sp|P68432|H31_BOVIN Histone H3.1 OS=Bos taurus OX=9913 PE=1 SV=2","1","0","0","1","0",,,"x"
"12676","553.687861984768","42.7511333333333","0.261533333333333","1658.04175655366","3","20.2276506977544","1455.38698305974","1489.93852592241","1996.50981898344","1706.1874649141","1147.58951343687","1210.17534672899","1740.26452303946","1792.87225274919","1706.1874649141","1091.09885564062","1394","1768","1715","1549","1290","43.1198833333333","42.7511333333333","42.7859333333333","43.00855","42.8035333333333",,"46.57","-0.00424344633597684","-2.55930555363171","H31_BOVIN","KSAPATGGVKKPHR","[N-term] Propionyl Heavy N-term (N-term)|[1] EG Dimethyl enkel K (K)|[1] Propionyl Heavy K (K)|[10] Propionyl Heavy + Me (K) (K)|[10] Propionyl Heavy K (K)|[11] Propionyl Heavy K (K)","sp|P68432|H31_BOVIN Histone H3.1 OS=Bos taurus OX=9913 PE=1 SV=2","1","1","0","1","1",,"x","x"
"3944","837.036712933349","41.5185","0.2257","1672.05887293294","2","12.0043173229578","1133.76271180978","1127.65414346227","1041.39233631663","914.24269392877","1272.19624648861","942.740108880352","1317.11239489624","935.173674707194","914.24269392877","1209.57176101835","702","1001","771","963","952","41.7959166666667","41.5185","41.52325","41.7410166666667","41.5042166666667",,"---","-0.00282706706116187","-1.6907671894894","H31_BOVIN","KSAPATGGVKKPHR","[N-term] Propionyl Heavy N-term (N-term)|[1] EG Trimethyl (K)|[1] Propionyl Heavy K (K)|[10] Propionyl Heavy + Me (K) (K)|[10] Propionyl Heavy K (K)|[11] Propionyl Heavy K (K)","sp|P68432|H31_BOVIN Histone H3.1 OS=Bos taurus OX=9913 PE=1 SV=2","0","0","0","0","0",,,"x"
"4208","772.001934823914","52.3719666666667","0.382866666666667","1541.98931671407","2","20.0861744445992","685.61191588283","972.974620410925","704.474301235425","882.702834306533","1092.11885357346","570.096233979419","1136.44501720006","632.620193224476","882.702834306533","1038.35876627075","979","1405","576","865","695","52.7503333333333","52.3719666666667","52.49135","52.61655","52.3869833333333",,"43.52","0.00101671406832793","0.659352647700329","H4_BOVIN","GKGGKGLGKGGAKR","[N-term] Propionyl Heavy N-term (N-term)|[2] Propionyl Heavy K (K)|[5] Propionyl Heavy K (K)|[9] EG Formyl (K)|[9] Propionyl Heavy K (K)|[13] Propionyl Heavy K (K)","sp|P62803|H4_BOVIN Histone H4 OS=Bos taurus OX=9913 PE=1 SV=2","1","1","0","1","1","x",,
"12673","750.438099271863","44.98775","0.28565","1498.86164560997","2","9.91517803670528","1557.27993245226","1333.06084955461","1703.56359734369","1379.78187959175","1472.54834662246","1294.90080930052","1557.02967818522","1529.80560147019","1379.78187959175","1400.06143055754","1117","990","915","979","890","45.3697","44.98775","45.00955","45.1680833333333","44.9633666666667",,"82.08","-0.00115439003411666","-0.770177253125943","H4_BOVIN","GKGGKGLGKGGAKR","[N-term] Propionyl Heavy N-term (N-term)|[2] EG Acetyl ENKEL K (K)|[2] Propionyl Heavy K (K)|[5] EG Acetyl ENKEL K (K)|[5] Propionyl Heavy K (K)|[9] EG Acetyl ENKEL K (K)|[9] Propionyl Heavy K (K)|[13] EG Acetyl ENKEL K (K)|[13] Propionyl Heavy K (K)","sp|P62803|H4_BOVIN Histone H4 OS=Bos taurus OX=9913 PE=1 SV=2","2","1","2","1","2","x","x",
"4442","519.676182826979","53.6658","0.407316666666667","1556.0067190803","3","10.7487781186208","723.021038212531","545.213745245639","667.44025325368","703.372712788752","704.174258855496","601.202460785843","636.81562817302","599.363498765914","703.372712788752","669.510934888028","953","734","909","1150","688","54.0291666666667","53.6658","53.8125166666667","54.0272333333333","53.6037166666667",,"43.8","0.00281908029592159","1.81174372115751","H4_BOVIN","GKGGKGLGKGGAKR","[N-term] Propionyl Heavy N-term (N-term)|[2] Propionyl Heavy K (K)|[5] Propionyl Heavy K (K)|[9] Propionyl Heavy K (K)|[13] EG Acetyl ENKEL K (K)|[13] Propionyl Heavy K (K)","sp|P62803|H4_BOVIN Histone H4 OS=Bos taurus OX=9913 PE=1 SV=2","1","1","1","1","1","x",,
"4621","830.030469480803","41.1349333333333","0.275283333333333","1658.04638602785","2","19.2781300410874","872.913558189007","564.707223846877","552.813872200404","713.117465137569","731.01149730203","725.840261210066","659.584224762843","496.428639107616","713.117465137569","695.027097082532","722","1136","893","1051","1013","41.4493333333333","41.1349333333333","41.01965","41.3655833333333","41.1355166666667",,"21.86","0.000386027846161596","0.232820950782787","H31_BOVIN","KSAPATGGVKKPHR","[N-term] Propionyl Heavy N-term (N-term)|[1] Propionyl Heavy K (K)|[10] EG Trimethyl (K)|[10] Propionyl Heavy K (K)|[11] Propionyl Heavy K (K)","sp|P68432|H31_BOVIN Histone H3.1 OS=Bos taurus OX=9913 PE=1 SV=2","0","1","0","0","0",,,"x"
"4653","410.76572025395","31.4961","0.177133333333333","1639.03377514828","4","21.5396346130805","352.888759913242","619.101950156897","546.333223616941","448.587382860057","593.784462256761","293.432112802701","723.117861077915","490.608995790747","448.587382860057","564.555130279322","695","1157","817","820","868","31.7743666666667","31.4961","31.3681333333333","31.58435","31.3978",,"21.26","-0.00162485172108973","-0.991346325460528","H31_BOVIN","KSAPATGGVKKPHR","[N-term] Propionyl Heavy N-term (N-term)|[1] EG Trimethyl (K)|[1] Propionyl Heavy K (K)|[10] EG Trimethyl (K)|[10] Propionyl Heavy K (K)|[11] Propionyl Heavy K (K)","sp|P68432|H31_BOVIN Histone H3.1 OS=Bos taurus OX=9913 PE=1 SV=2","0","0","0","1","1",,,"x"
"5310","526.024662301669","56.05655","0.44835","1575.05215750437","3","19.7322394526021","721.033982343736","732.520774168871","1119.93485819623","824.323923879505","774.50953463877","599.550195063406","855.592290216325","1005.70511251929","824.323923879505","736.383922153713","663","803","1015","717","789","56.4865666666667","56.05655","56.07855","56.4490166666667","56.0857333333333",,"27.3","0.00125750436677663","0.798389669042841","H4_BOVIN","GKGGKGLGKGGAKR","[N-term] Propionyl Heavy N-term (N-term)|[2] Propionyl Heavy K (K)|[5] Propionyl Heavy K (K)|[9] Propionyl Heavy K (K)|[13] Propionyl Heavy K (K)","sp|P62803|H4_BOVIN Histone H4 OS=Bos taurus OX=9913 PE=1 SV=2","0","0","1","1","0","x",,
"5564","830.010755335031","46.14215","0.24825","1658.0069577363","2","16.0259166307605","925.747525252705","1072.85107356871","998.400490579317","1246.43594048226","814.882119666992","769.772469725465","1253.10180880151","896.566858660505","1246.43594048226","774.769146842306","587","1058","808","839","820","46.5536166666667","46.14215","46.2723","46.4758","46.1327333333333",,"40.05","-0.00264226369836251","-1.59363594659676","H31_BOVIN","KSAPATGGVKKPHR","[N-term] Propionyl Heavy N-term (N-term)|[1] EG Acetyl ENKEL K (K)|[1] Propionyl Heavy K (K)|[10] Propionyl Heavy K (K)|[11] Propionyl Heavy K (K)","sp|P68432|H31_BOVIN Histone H3.1 OS=Bos taurus OX=9913 PE=1 SV=2","0","1","0","0","0",,,"x"
"12678","558.684531088285","42.8351666666667","0.347383333333333","1673.03176386422","3","16.5432761689412","845.962088366649","867.540331656621","1178.52920206727","1209.3242745966","1012.68126053145","703.429723863801","1013.29661272651","1058.32302218123","1209.3242745966","962.831527786835","577","770","763","698","658","43.1959666666667","42.8351666666667","42.84905","43.0880166666667","42.84895",,,,,,,,,"0","0","0","0","0",,"x",
"12679","558.353616414589","42.4097666666667","0.34725","1672.03901984313","3","18.5813519313433","2110.31360588764","1688.9069810586","1887.94532592159","1360.74715112764","1421.51642087023","1754.75631528795","1972.66185866988","1695.38098804633","1360.74715112764","1351.54157643075","1886","2658","1785","1810","2160","42.7748333333333","42.4097666666667","42.4363666666667","42.6105666666667","42.3284333333333",,,,,,,,,"0","0","0","0","0",,"x",
"8572","837.021148108255","52.5189666666667","0.16685","1672.02774328275","2","77.2866199066033","149.967160362685","753.182614844469","195.451356823293","216.994815239733","821.509876858371","124.69986498596","879.725546510356","175.515948420973","216.994815239733","781.070649428645","279","605","315","254","543","52.9025166666667","52.5189666666667","52.6441666666667","52.79555","52.5568166666667",,"40.42","0.00244328275107364","1.46127140006413","H31_BOVIN","KSAPATGGVKKPHR","[N-term] Propionyl Heavy N-term (N-term)|[1] EG Acetyl ENKEL K (K)|[1] Propionyl Heavy K (K)|[10] Propionyl Heavy + Me (K) (K)|[10] Propionyl Heavy K (K)|[11] Propionyl Heavy K (K)","sp|P68432|H31_BOVIN Histone H3.1 OS=Bos taurus OX=9913 PE=1 SV=2","0","1","0","0","0",,,"x"
"8963","806.509580054202","31.7069666666667","0.173333333333333","1611.00460717464","2","57.9467565168507","183.00048658348","840.111615011964","642.411384800189","405.078943949803","268.373933776692","152.167553977391","981.259571158203","576.887494219729","405.078943949803","255.163094990785","280","613","374","467","595","31.9564","31.7069666666667","31.6401833333333","31.8287333333333","31.6467833333333",,"27.33","0.000507174643871622","0.314818965309661","H31_BOVIN","KSAPATGGVKKPHR","[N-term] Propionyl Heavy N-term (N-term)|[1] EG Dimethyl enkel K (K)|[1] Propionyl Heavy K (K)|[10] EG Dimethyl enkel K (K)|[10] Propionyl Heavy K (K)|[11] Propionyl Heavy K (K)","sp|P68432|H31_BOVIN Histone H3.1 OS=Bos taurus OX=9913 PE=1 SV=2","0","1","0","0","0",,,"x"
"12672","761.470141961413","48.1002666666667","0.29805","1520.92573098907","2","6.07238901078204","1666.98188948394","1887.7762105138","1904.82312603536","1825.76146636413","1696.97810396927","1386.11957477866","2204.94329761773","1710.5373069503","1825.76146636413","1613.44352280012","846","1095","715","822","711","48.5641833333333","48.1002666666667","48.1981333333333","48.3563833333333","48.1283833333333",,,,,,,,,"0","0","0","0","0",,"x",
"12681","538.006078382976","30.5765166666667","0.20405","1610.99640574829","3","50.5061166158865","104.871894356461","694.643907527307","438.331833313387","445.734222607003","394.669104195572","87.2024984366278","811.351694974718","393.623399179873","445.734222607003","375.241323576444","269","610","381","592","336","30.9094833333333","30.5765166666667","30.4848","30.6175333333333","30.4329333333333",,"---","-0.00769425171279181","-4.77605967159972","H31_BOVIN","KSAPATGGVKKPHR","[N-term] Propionyl Heavy N-term (N-term)|[1] EG Dimethyl enkel K (K)|[1] Propionyl Heavy K (K)|[10] EG Dimethyl enkel K (K)|[10] Propionyl Heavy K (K)|[11] Propionyl Heavy K (K)","sp|P68432|H31_BOVIN Histone H3.1 OS=Bos taurus OX=9913 PE=1 SV=2","0","0","0","0","0",,"x","x"
"12668","769.485889410375","50.3858166666667","0.3058","1536.95722588699","2","17.0993496973789","11861.3148533191","7687.94042433133","8347.43109159429","10066.3626204642","10103.3579097104","9862.85502231115","8979.59864983148","7496.02002632546","10066.3626204642","9606.01515118246","4402","5588","4152","5312","5321","50.8313166666667","50.3858166666667","50.4862333333333","50.6844333333333","50.4241333333333",,"66.8","0.00032588698991276","0.212033915793449","H4_BOVIN","GKGGKGLGKGGAKR","[N-term] Propionyl Heavy N-term (N-term)|[2] EG Acetyl ENKEL K (K)|[2] Propionyl Heavy K (K)|[5] Propionyl Heavy K (K)|[9] EG Acetyl ENKEL K (K)|[9] Propionyl Heavy K (K)|[13] Propionyl Heavy K (K)","sp|P62803|H4_BOVIN Histone H4 OS=Bos taurus OX=9913 PE=1 SV=2","1","1","1","1","1","x","x",
"12671","759.960672324288","47.56055","0.1592","1517.90679171482","2","12.8248087369592","396.55435180766","424.822593586511","416.12326258071","542.085746873978","460.272023456942","329.740684630009","496.197443949253","373.680031077577","542.085746873978","437.614906895792","385","555","442","576","498","47.9617333333333","47.56055","47.6121333333333","47.8383","47.5410166666667",,,,,,,,,"0","0","0","0","0",,"x",
