;;;;;;;;;Normalized abundance;;;;;Raw abundance;;;;;Intensity;;;;;Sample retention time (min);;;;;;;;;;;;;Best peptide spectral counts;;;;;;;;
;;;;;;;;;Heavy;;;;;Heavy;;;;;Heavy;;;;;Heavy;;;;;;Best peptide match;;;;;;;Heavy;;;;;Tags;;;
old #;#;-;m/z;Retention time (min);Retention time window (min);Mass;Charge;Maximum CV;180406_HeavyLightprop_Heavy03;180406_HeavyLightprop_Heavy07;180406_HeavyLightprop_Heavy08;180406_HeavyLightprop_Heavy09;180406_HeavyLightprop_Heavy10;180406_HeavyLightprop_Heavy03;180406_HeavyLightprop_Heavy07;180406_HeavyLightprop_Heavy08;180406_HeavyLightprop_Heavy09;180406_HeavyLightprop_Heavy10;180406_HeavyLightprop_Heavy03;180406_HeavyLightprop_Heavy07;180406_HeavyLightprop_Heavy08;180406_HeavyLightprop_Heavy09;180406_HeavyLightprop_Heavy10;180406_HeavyLightprop_Heavy03;180406_HeavyLightprop_Heavy07;180406_HeavyLightprop_Heavy08;180406_HeavyLightprop_Heavy09;180406_HeavyLightprop_Heavy10;Notes;Score;Mass error (u);Mass error (ppm);Protein;Sequence;Variable modifications ([position] description);Description;180406_HeavyLightprop_Heavy03;180406_HeavyLightprop_Heavy07;180406_HeavyLightprop_Heavy08;180406_HeavyLightprop_Heavy09;180406_HeavyLightprop_Heavy10;GKGG;KSAPAT/KSAPST;Edited;KSAPAT
;1722;;541.3339913;25.47106667;0.606366667;1620.980145;3;10.32398618;5387.894317;6494.754267;7031.936051;6280.805133;5764.263985;5651.988156;6633.998033;7031.936051;6281.131321;5789.929443;4029;6369;6056;5593;4038;25.18793333;25.6749;25.4741;25.59938333;25.47106667;;37.26;0.003044523;1.878202269;H31_BOVIN;KSAPATGGVKKPHR;[N-term] Propionyl:13C(3) (N-term)|[1] EG Trimethyl (K)|[1] Propionyl:13C(3) (K)|[10] EG Dimethyl enkel K (K)|[10] Propionyl:13C(3) (K)|[11] Propionyl:13C(3) (K);sp|P68432|H31_BOVIN Histone H3.1 OS=Bos taurus OX=9913 PE=1 SV=2;0;0;0;1;0;;x;;x
;2201;;556.339063;30.29166667;0.33825;1665.99536;3;6.61613537;3014.773715;3273.409151;2879.024963;3406.730383;3132.61021;3162.546317;3343.589145;2879.024963;3406.907309;3146.558196;3423;3165;2849;3337;3621;30.03581667;30.41485;30.3322;30.42426667;30.29166667;;21.52;-0.002340337;-1.404766197;H31_BOVIN;KSAPATGGVKKPHR;[N-term] Propionyl:13C(3) (N-term)|[1] EG Dimethyl enkel K (K)|[1] Propionyl:13C(3) (K)|[10] Propionyl:13C(3) + Me (K)|[10] Propionyl:13C(3) (K)|[11] Propionyl:13C(3) + Me (K)|[11] Propionyl:13C(3) (K);sp|P68432|H31_BOVIN Histone H3.1 OS=Bos taurus OX=9913 PE=1 SV=2;0;0;0;1;0;;;;x
;2235;;417.5085359;30.29166667;0.316666667;1666.005038;4;9.37748123;3345.983742;2890.601396;3021.82085;2571.968942;2992.524372;3509.990985;2952.574214;3021.82085;2572.102514;3005.848625;5307;3834;3781;3524;4087;30.03581667;30.41485;30.3322;30.42426667;30.29166667;;---;0.007337784;4.404438299;H31_BOVIN;KSAPATGGVKKPHR;[N-term] Propionyl:13C(3) (N-term)|[1] EG Dimethyl enkel K (K)|[1] Propionyl:13C(3) (K)|[10] Propionyl:13C(3) + Me (K)|[10] Propionyl:13C(3) (K)|[11] Propionyl:13C(3) + Me (K)|[11] Propionyl:13C(3) (K);sp|P68432|H31_BOVIN Histone H3.1 OS=Bos taurus OX=9913 PE=1 SV=2;0;0;0;0;0;;;;x
;2475;;834.0074044;34.58123333;0.340083333;1666.000256;2;16.34457951;2692.179331;3772.512345;3693.465554;4173.693115;3192.382476;2824.139598;3853.392822;3693.465554;4173.909872;3206.596599;2413;2791;3367;3006;2127;34.34166667;34.73693333;34.57016667;34.63571667;34.58123333;;---;0.00255596;1.534191942;H31_BOVIN;KSAPATGGVKKPHR;[N-term] Propionyl:13C(3) (N-term)|[1] EG Trimethyl (K)|[1] Propionyl:13C(3) (K)|[10] Propionyl:13C(3) + Me (K)|[10] Propionyl:13C(3) (K)|[11] Propionyl:13C(3) (K);sp|P68432|H31_BOVIN Histone H3.1 OS=Bos taurus OX=9913 PE=1 SV=2;0;0;0;0;0;;x;;x
;2546;;819.9766178;38.5189;0.361616667;1637.938683;2;10.43723461;3602.337272;3650.234503;4043.358342;3021.832917;3805.232315;3778.909978;3728.493414;4043.358342;3021.989853;3822.175159;3486;2809;2904;2821;3155;38.34775;38.67091667;38.5061;38.54638333;38.5189;;62.13;0.008682741;5.301045018;H31_BOVIN;KSAPATGGVKKPHR;[N-term] Propionyl:13C(3) (N-term)|[1] EG Formyl (K)|[1] Propionyl:13C(3) (K)|[10] Propionyl:13C(3) (K)|[11] Propionyl:13C(3) (K);sp|P68432|H31_BOVIN Histone H3.1 OS=Bos taurus OX=9913 PE=1 SV=2;2;1;1;1;1;;;;x
;4272;;749.4286124;38.03598333;0.322383333;1496.842672;2;13.46437195;1648.50395;1343.038582;1576.72317;1167.777915;1388.095002;1729.307268;1371.83255;1576.72317;1167.838562;1394.275512;1735;1384;1507;1305;1555;37.79308333;38.20143333;38.01956667;38.05508333;38.03598333;;76.02;0.001271859;0.849695551;H4_BOVIN;GKGGKGLGKGGAKR;[N-term] Propionyl:13C(3) (N-term)|[2] EG Acetyl ENKEL K (K)|[2] Propionyl:13C(3) (K)|[5] EG Acetyl ENKEL K (K)|[5] Propionyl:13C(3) (K)|[9] EG Acetyl ENKEL K (K)|[9] Propionyl:13C(3) (K)|[13] EG Acetyl ENKEL K (K)|[13] Propionyl:13C(3) (K);sp|P62803|H4_BOVIN Histone H4 OS=Bos taurus OX=9913 PE=1 SV=2;2;1;1;1;2;x;;;
;4408;;557.3261173;41.70496667;0.403483333;1668.956523;3;8.665998822;557.1847489;565.740346;474.8225798;469.4133034;519.462556;584.4958004;577.869491;474.8225798;469.437682;521.7754696;2177;1838;2056;2172;2186;41.30286667;41.87938333;41.53426667;41.72866667;41.70496667;;41.77;-0.01487748;-8.914161306;H31_BOVIN;KSAPATGGVKKPHR;[N-term] Propionyl:13C(3) (N-term)|[1] Propionyl:13C(3) (K)|[10] Propionyl:13C(3) (K)|[11] Propionyl:13C(3) (K);sp|P68432|H31_BOVIN Histone H3.1 OS=Bos taurus OX=9913 PE=1 SV=2;1;1;1;1;0;;x;;x
;4609;;826.9811676;42.20133333;0.337916667;1651.947782;2;24.6016078;1496.533523;987.2713719;1210.791375;941.0865999;1644.070765;1569.887835;1008.437898;1210.791375;941.1354744;1651.391011;1621;1561;1821;2002;1381;41.80306667;42.32258333;42.0836;42.24963333;42.20133333;;71.26;0.00208221;1.260458962;H31_BOVIN;KSAPATGGVKKPHR;[N-term] Propionyl:13C(3) (N-term)|[1] EG Acetyl ENKEL K (K)|[1] Propionyl:13C(3) (K)|[10] Propionyl:13C(3) (K)|[11] Propionyl:13C(3) (K);sp|P68432|H31_BOVIN Histone H3.1 OS=Bos taurus OX=9913 PE=1 SV=2;1;1;2;1;2;;x;;x
;8816;;835.4911684;40.96185;0.272833333;1668.967784;2;14.49232965;295.3826568;295.0065486;239.818775;214.5442741;298.5855462;309.8611776;301.331318;239.818775;214.5554163;299.9150021;573;748;682;461;664;40.59903333;41.03428333;40.81295;40.93383333;40.96185;;49.68;-0.003616042;-2.166629191;H31_BOVIN;KSAPATGGVKKPHR;[N-term] Propionyl:13C(3) (N-term)|[1] Propionyl:13C(3) (K)|[10] Propionyl:13C(3) (K)|[11] Propionyl:13C(3) (K);sp|P68432|H31_BOVIN Histone H3.1 OS=Bos taurus OX=9913 PE=1 SV=2;0;1;1;0;1;;x;;x
;16350;;766.4548384;43.3611;0.2916;1530.895124;2;4.349288267;3610.951307;4024.318185;3818.707284;3796.805889;3994.084363;3787.94624;4110.597234;3818.707284;3797.003073;4011.868074;11064;9739;11135;11422;10178;42.92571667;43.50095;43.22361667;43.44476667;43.3611;;77.36;0.002223806;1.452620526;H4_BOVIN;GKGGKGLGKGGAKR;[N-term] Propionyl:13C(3) (N-term)|[2] EG Acetyl ENKEL K (K)|[2] Propionyl:13C(3) (K)|[5] Propionyl:13C(3) (K)|[9] EG Acetyl ENKEL K (K)|[9] Propionyl:13C(3) (K)|[13] Propionyl:13C(3) (K);sp|P62803|H4_BOVIN Histone H4 OS=Bos taurus OX=9913 PE=1 SV=2;1;1;1;1;2;x;;x;
;16356;;757.9373225;40.57153333;0.203866667;1513.860092;2;15.88666511;781.923561;836.2580625;557.108172;863.1869496;755.3657225;820.250444;854.1869505;557.108172;863.2317784;758.7289979;763;900;855;884;764;40.22385;40.63281667;40.44788333;40.51905;40.57153333;;67.34;-0.007107862;-4.69516852;H4_BOVIN;GKGGKGLGKGGAKR;[N-term] Propionyl:13C(3) (N-term)|[2] EG Acetyl ENKEL K (K)|[2] Propionyl:13C(3) (K)|[5] EG Acetyl ENKEL K (K)|[5] Propionyl:13C(3) (K)|[9] EG Acetyl ENKEL K (K)|[9] Propionyl:13C(3) (K)|[13] Propionyl:13C(3) (K);sp|P62803|H4_BOVIN Histone H4 OS=Bos taurus OX=9913 PE=1 SV=2;1;1;1;1;2;x;;x;
;16359;;759.4413923;42.84255;0.340183333;1516.868232;2;9.977193034;1127.320722;1329.826997;1165.425293;1432.587562;1219.666493;1182.577644;1358.337717;1165.425293;1432.661963;1225.097074;1166;1101;1137;1849;1035;42.42888333;42.94575;42.68856667;42.91915;42.84255;;67.6;-0.009068302;-5.978270149;H4_BOVIN;GKGGKGLGKGGAKR;[N-term] Propionyl:13C(3) (N-term)|[2] EG Formyl (K)|[2] Propionyl:13C(3) (K)|[5] Propionyl:13C(3) (K)|[9] EG Acetyl ENKEL K (K)|[9] Propionyl:13C(3) (K)|[13] Propionyl:13C(3) (K);sp|P62803|H4_BOVIN Histone H4 OS=Bos taurus OX=9913 PE=1 SV=2;2;1;2;1;1;x;;x;
;16363;;406.2523472;25.53361667;0.4999;1620.980283;4;21.09652942;4287.008876;3308.415328;2837.237515;3607.447403;4849.002588;4497.141548;3379.345834;2837.237515;3607.634752;4870.592833;6372;3880;3509;5799;5483;25.2543;25.75576667;25.5362;25.63191667;25.53361667;;26.5;0.003182863;1.963546118;H31_BOVIN;KSAPATGGVKKPHR;[N-term] Propionyl:13C(3) (N-term)|[1] EG Trimethyl (K)|[1] Propionyl:13C(3) (K)|[10] EG Dimethyl enkel K (K)|[10] Propionyl:13C(3) (K)|[11] Propionyl:13C(3) (K);sp|P68432|H31_BOVIN Histone H3.1 OS=Bos taurus OX=9913 PE=1 SV=2;1;1;0;1;0;;x;x;x
;16365;;402.7493685;25.64708333;0.63235;1606.968368;4;9.139162842;22720.39232;21173.64078;19933.88308;19952.62823;24563.79256;23834.05849;21627.59136;19933.88308;19953.66446;24673.16316;71442;63461;52470;74652;75869;25.37258333;25.81331667;25.63576667;25.68421667;25.64708333;;29.39;0.006968026;4.336150157;H31_BOVIN;KSAPATGGVKKPHR;[N-term] Propionyl:13C(3) (N-term)|[1] EG Dimethyl enkel K (K)|[1] Propionyl:13C(3) (K)|[10] EG Dimethyl enkel K (K)|[10] Propionyl:13C(3) (K)|[11] Propionyl:13C(3) (K);sp|P68432|H31_BOVIN Histone H3.1 OS=Bos taurus OX=9913 PE=1 SV=2;1;1;1;0;1;;x;x;x
;16367;;804.4893442;25.59923333;0.5057;1606.964136;2;34.84654605;1727.886046;3344.860969;4007.825009;2723.542502;1924.947572;1812.580368;3416.572849;4007.825009;2723.683946;1933.518425;1471;2301;3558;3005;1896;25.32623333;25.79405;25.61345;25.66213333;25.59923333;;39.22;0.002735529;1.702298954;H31_BOVIN;KSAPATGGVKKPHR;[N-term] Propionyl:13C(3) (N-term)|[1] EG Dimethyl enkel K (K)|[1] Propionyl:13C(3) (K)|[10] EG Dimethyl enkel K (K)|[10] Propionyl:13C(3) (K)|[11] Propionyl:13C(3) (K);sp|P68432|H31_BOVIN Histone H3.1 OS=Bos taurus OX=9913 PE=1 SV=2;0;1;1;0;1;;x;x;x
12;16373;3;781.9800641;48.9603;0.596533333;1561.945575;2;6.930210819;271376.3773;299809.1643;321523.9167;281900.5736;278887.4466;284678.2027;306236.899;321523.9167;281915.2138;280129.1965;1332983;1340700;1261116;1347480;1171354;48.62588333;49.1146;48.92295;49.08881667;48.9603;;;;;;;;;0;0;0;0;0;x;;x;
453;16374;1;767.4497935;45.5696;0.7553;1532.885034;2;13.21313948;12565.89649;15983.28465;15720.48813;18401.05947;16042.603;13181.82837;16325.957;15720.48813;18402.01511;16114.03289;33121;31843;29815;33373;30128;45.28963333;45.67236667;45.54391667;45.59736667;45.5696;;;;;;;;;0;0;0;0;0;x;;x;
2956;16375;1;750.4313993;40.17923333;0.48005;1498.848246;2;2.402803703;3312.831579;3269.438636;3243.011507;3408.965938;3418.622686;3475.21383;3339.533504;3243.011507;3409.14298;3433.844147;1962;1820;2650;2278;1815;39.87705;40.29998333;40.10965;40.17251667;40.17923333;;;;;;;;;0;0;0;0;0;x;;x;
16344;16376;1;757.3639526;40.72825;0.50535;1512.713352;2;4.400454144;23333.94198;20968.26051;21657.4177;21848.85265;22968.92725;24477.682;21417.80786;21657.4177;21849.98735;23071.19669;24035;24302;21016;22524;20961;40.3885;40.79191667;40.62191667;40.66395;40.72825;;;;;;;;;0;0;0;0;0;x;;x;
16349;16377;2;765.4436592;43.73008333;0.5499;1528.872766;2;4.360486286;63888.41382;57990.92432;58303.4757;57539.01827;59228.0933;67019.97793;59234.21611;58303.4757;57542.0065;59491.80713;287338;227652;223967;233504;234895;43.33925;43.84128333;43.64778333;43.84085;43.73008333;;;;;;;;;0;0;0;0;0;x;;x;
16353;16378;1;774.4438207;45.91026667;0.382733333;1546.873089;2;9.05895872;43156.66905;34653.56185;36934.70125;36198.57559;35561.59416;45272.04283;35396.51412;36934.70125;36200.45553;35719.93261;107560;90142;97625;106283;105758;45.60058333;45.9995;45.86838333;45.92828333;45.91026667;;;;;;;;;0;0;0;0;0;x;;x;
16354;16380;3;773.4631012;46.79513333;0.744383333;1544.911649;2;5.366552877;248284.091;273930.7885;273882.7437;265303.3645;287740.303;260454.0214;279803.7057;273882.7437;265317.1428;289021.4703;863865;809962;956364;1045586;1203728;46.45756667;46.86765;46.75201667;46.79783333;46.79513333;;;;;;;;;0;0;0;0;0;x;;x;
16357;16381;1;758.9516002;43.3611;0.500916667;1515.888647;2;2.828354502;6476.579632;6547.990388;6853.184679;6753.203887;6413.84533;6794.036634;6688.375505;6853.184679;6753.554608;6442.403057;23541;23543;27032;22644;27334;42.92571667;43.50095;43.22361667;43.44476667;43.3611;;;;;;;;;0;0;0;0;0;x;;x;
23;16383;2;546.3253204;32.05473333;0.68815;1635.954132;3;10.06426021;291953.1913;280317.837;317900.3666;275942.2299;349156.1712;306263.6129;286327.6889;317900.3666;275956.5607;350710.7934;930205;855078;895733;860400;772667;31.91601667;32.22783333;31.99583333;32.128;32.05473333;;;;;;;;;0;0;0;0;0;;x;x;x
33;16384;2;841.4902709;45.55405;0.71275;1680.965989;2;9.377961747;158443.1752;183449.4313;169187.6662;198919.5081;163891.017;166209.4497;187382.4808;169187.6662;198929.8388;164620.7438;580193;552167;588439;579934;493138;45.25778333;45.65906667;45.51111667;45.58181667;45.55405;;;;;;;;;0;0;0;0;0;;x;x;x
43;16386;2;834.4606107;41.53411667;0.767966667;1666.906669;2;8.257511423;165463.9894;172853.6596;144804.771;143061.7985;155329.7968;173574.3972;176559.5418;144804.771;143069.2283;156021.4047;625915;678582;807861;716870;759372;41.13746667;41.69835;41.3786;41.52398333;41.53411667;;;;;;;;;0;0;0;0;0;;x;x;x
51;16387;1;551.325235;35.02458333;0.5868;1650.953876;3;10.66206051;139029.1474;106348.0717;134768.9652;124502.6833;116955.5907;145843.821;108628.1127;134768.9652;124509.1493;117476.3369;407053;309494;305958;339745;413364;34.67411667;35.16278333;34.91561667;35.08246667;35.02458333;;;;;;;;;0;0;0;0;0;;x;x;x
109;16388;1;551.3284755;31.75543333;0.73945;1650.963597;3;14.61231927;87416.03503;72674.26872;64591.91887;64192.69168;84607.65681;91700.83256;74232.3629;64591.91887;64196.02547;84984.37347;279063;245620;222209;223304;295287;31.57363333;31.93776667;31.72235;31.9217;31.75543333;;;;;;;;;0;0;0;0;0;;x;x;x
136;16389;1;546.6644492;34.2916;0.875616667;1636.971518;3;8.800284901;78352.53667;72639.67642;64063.72603;74170.44371;64635.4466;82193.0764;74197.02897;64063.72603;74174.29569;64923.23674;160293;145958;144284;146804;142340;34.058;34.39666667;34.29508333;34.36021667;34.2916;;;;;;;;;0;0;0;0;0;;x;x;x
220;16390;2;848.5134139;48.5554;0.5699;1695.012275;2;7.566250001;53777.80246;62069.47918;53561.44354;61075.82247;62006.82739;56413.78332;63400.21283;53561.44354;61078.99439;62282.91357;88608;93995;98412;94574;89314;48.22118333;48.6135;48.4782;48.70988333;48.5554;;;;;;;;;0;0;0;0;0;;x;x;x
247;16391;2;818.984556;31.9109;0.59175;1635.954559;2;16.40706417;40129.01137;49052.77716;62997.9555;49955.3558;55502.05007;42095.98103;50104.44026;62997.9555;49957.95018;55749.17365;83400;108215;124003;113216;81692;31.75275;32.07518333;31.86206667;32.01356667;31.9109;;;;;;;;;0;0;0;0;0;;x;x;x
546;16393;2;825.9486193;34.6982;0.599233333;1649.882686;2;13.84904763;15668.21211;14662.24343;20528.95393;17253.53096;15557.63073;16436.20755;14976.59343;20528.95393;17254.427;15626.90128;22077;22001;22955;21929;21060;34.4236;34.86551667;34.66756667;34.74561667;34.6982;;;;;;;;;0;0;0;0;0;;x;x;x
649;16396;2;818.9920824;34.41305;0.604733333;1635.969612;2;4.767393647;17405.38905;18072.75257;18463.05028;19196.78367;17022.42794;18258.53422;18460.2219;18463.05028;19197.78064;17098.22051;15969;16678;18445;18336;18584;34.14983333;34.53915;34.3996;34.4338;34.41305;;;;;;;;;0;0;0;0;0;;x;x;x
772;16397;1;826.4970479;38.22136667;0.526416667;1650.979543;2;17.32000466;7487.776273;8577.632276;8499.571049;11606.23077;8633.057616;7854.798242;8761.531739;8499.571049;11606.83353;8671.496414;13878;14265;15011;14769;13156;37.88591667;38.39245;38.20166667;38.22835;38.22136667;;;;;;;;;0;0;0;0;0;;x;x;x
985;16398;1;826.5004172;31.6492;0.446083333;1650.986281;2;6.495892568;8609.798;9237.496039;8827.544373;9164.277439;10169.22504;9031.817155;9435.542597;8827.544373;9164.753378;10214.50364;11721;15196;11329;15707;15478;31.44478333;31.77565;31.59935;31.78923333;31.6492;;;;;;;;;0;0;0;0;0;;x;x;x
16360;16402;1;536.3096841;26.1264;0.82815;1605.907223;3;12.30116012;28306.30931;35842.5288;38270.05159;32197.70144;30294.92727;29693.77562;36610.97184;38270.05159;32199.37359;30429.81582;39365;48584;66813;40043;45041;25.8087;26.2685;26.10758333;26.27946667;26.1264;;;;;;;;;0;0;0;0;0;;x;x;x
16370;16403;1;555.9984507;34.64303333;0.541666667;1664.973523;3;11.40812955;23750.57114;29598.80885;25446.49366;31275.55586;26075.49523;24914.73271;30233.39015;25446.49366;31277.18013;26191.5967;54314;48468;53243;49545;46112;34.3787;34.78648333;34.6322;34.68016667;34.64303333;;;;;;;;;0;0;0;0;0;;x;x;x
16371;16404;1;551.3345654;38.22136667;0.548;1650.981867;3;13.21382349;54370.94034;55288.23719;51023.34099;70791.81751;60444.82815;57035.99453;56473.58494;51023.34099;70795.49402;60713.95951;190627;181945;186803;197377;219310;37.88591667;38.39245;38.20166667;38.22835;38.22136667;;;;;;;;;0;0;0;0;0;;x;x;x
16372;16405;2;841.4915467;44.88961667;0.409433333;1680.968541;2;11.31222117;18772.54361;20407.47937;15499.89113;16237.33159;17038.09939;19692.70144;20845.0039;15499.89113;16238.17486;17113.96175;50918;61332;48567;51744;54261;44.57858333;45.01471667;44.80211667;44.92051667;44.88961667;;;;;;;;;0;0;0;0;0;;x;x;x
