;;;;;;;;;Normalized abundance;;;;;Raw abundance;;;;;Intensity;;;;;Sample retention time (min);;;;;;;;;;;;;Best peptide spectral counts;;;;;;;
;;;;;;;;;Heavy;;;;;Heavy;;;;;Heavy;;;;;Heavy;;;;;;Best peptide match;;;;;;;Heavy;;;;;Tags;;
;#;;m/z;Retention time (min);Retention time window (min);Mass;Charge;Maximum CV;170714_Heavy_06;170714_Heavy_07;170714_Heavy_08;170714_Heavy_09;170714_Heavy_10;170714_Heavy_06;170714_Heavy_07;170714_Heavy_08;170714_Heavy_09;170714_Heavy_10;170714_Heavy_06;170714_Heavy_07;170714_Heavy_08;170714_Heavy_09;170714_Heavy_10;170714_Heavy_06;170714_Heavy_07;170714_Heavy_08;170714_Heavy_09;170714_Heavy_10;Notes;Score;Mass error (u);Mass error (ppm);Protein;Sequence;Variable modifications ([position] description);Description;170714_Heavy_06;170714_Heavy_07;170714_Heavy_08;170714_Heavy_09;170714_Heavy_10;GKGG;Edited;KSAPAT
;1982;;542.6808222;31.51241667;0.352116667;1625.020637;3;7.852633655;3938.915438;4114.794069;4415.95971;3631.144305;3740.25549;3275.265213;4806.124557;3965.546054;3631.144305;3556.139575;1985;3796;2144;1945;1997;31.78911667;31.51241667;31.3829;31.61273333;31.42156667;;25.39;0.000937293;0.57678888;H31_BOVIN;KSAPATGGVKKPHR;[N-term] Propionyl Heavy N-term (N-term)|[1] EG Dimethyl enkel K (K)|[1] Propionyl Heavy K (K)|[10] EG Trimethyl (K)|[10] Propionyl Heavy K (K)|[11] Propionyl Heavy K (K);sp|P68432|H31_BOVIN Histone H3.1 OS=Bos taurus OX=9913 PE=1 SV=2;0;0;0;0;1;;;x
;4442;;519.6761828;53.6658;0.407316667;1556.006719;3;10.74877812;723.0210382;545.2137452;667.4402533;703.3727128;704.1742589;601.2024608;636.8156282;599.3634988;703.3727128;669.5109349;953;734;909;1150;688;54.02916667;53.6658;53.81251667;54.02723333;53.60371667;;43.8;0.00281908;1.811743721;H4_BOVIN;GKGGKGLGKGGAKR;[N-term] Propionyl Heavy N-term (N-term)|[2] Propionyl Heavy K (K)|[5] Propionyl Heavy K (K)|[9] Propionyl Heavy K (K)|[13] EG Acetyl ENKEL K (K)|[13] Propionyl Heavy K (K);sp|P62803|H4_BOVIN Histone H4 OS=Bos taurus OX=9913 PE=1 SV=2;1;1;1;1;1;x;;
;4653;;410.7657203;31.4961;0.177133333;1639.033775;4;21.53963461;352.8887599;619.1019502;546.3332236;448.5873829;593.7844623;293.4321128;723.1178611;490.6089958;448.5873829;564.5551303;695;1157;817;820;868;31.77436667;31.4961;31.36813333;31.58435;31.3978;;21.26;-0.001624852;-0.991346325;H31_BOVIN;KSAPATGGVKKPHR;[N-term] Propionyl Heavy N-term (N-term)|[1] EG Trimethyl (K)|[1] Propionyl Heavy K (K)|[10] EG Trimethyl (K)|[10] Propionyl Heavy K (K)|[11] Propionyl Heavy K (K);sp|P68432|H31_BOVIN Histone H3.1 OS=Bos taurus OX=9913 PE=1 SV=2;0;0;0;1;1;;;x
;5310;;526.0246623;56.05655;0.44835;1575.052158;3;19.73223945;721.0339823;732.5207742;1119.934858;824.3239239;774.5095346;599.5501951;855.5922902;1005.705113;824.3239239;736.3839222;663;803;1015;717;789;56.48656667;56.05655;56.07855;56.44901667;56.08573333;;27.3;0.001257504;0.798389669;H4_BOVIN;GKGGKGLGKGGAKR;[N-term] Propionyl Heavy N-term (N-term)|[2] Propionyl Heavy K (K)|[5] Propionyl Heavy K (K)|[9] Propionyl Heavy K (K)|[13] Propionyl Heavy K (K);sp|P62803|H4_BOVIN Histone H4 OS=Bos taurus OX=9913 PE=1 SV=2;0;0;1;1;0;x;;
;8572;;837.0211481;52.51896667;0.16685;1672.027743;2;77.28661991;149.9671604;753.1826148;195.4513568;216.9948152;821.5098769;124.699865;879.7255465;175.5159484;216.9948152;781.0706494;279;605;315;254;543;52.90251667;52.51896667;52.64416667;52.79555;52.55681667;;40.42;0.002443283;1.4612714;H31_BOVIN;KSAPATGGVKKPHR;[N-term] Propionyl Heavy N-term (N-term)|[1] EG Acetyl ENKEL K (K)|[1] Propionyl Heavy K (K)|[10] Propionyl Heavy + Me (K) (K)|[10] Propionyl Heavy K (K)|[11] Propionyl Heavy K (K);sp|P68432|H31_BOVIN Histone H3.1 OS=Bos taurus OX=9913 PE=1 SV=2;0;1;0;0;0;;;x
;8963;;806.5095801;31.70696667;0.173333333;1611.004607;2;57.94675652;183.0004866;840.111615;642.4113848;405.0789439;268.3739338;152.167554;981.2595712;576.8874942;405.0789439;255.163095;280;613;374;467;595;31.9564;31.70696667;31.64018333;31.82873333;31.64678333;;27.33;0.000507175;0.314818965;H31_BOVIN;KSAPATGGVKKPHR;[N-term] Propionyl Heavy N-term (N-term)|[1] EG Dimethyl enkel K (K)|[1] Propionyl Heavy K (K)|[10] EG Dimethyl enkel K (K)|[10] Propionyl Heavy K (K)|[11] Propionyl Heavy K (K);sp|P68432|H31_BOVIN Histone H3.1 OS=Bos taurus OX=9913 PE=1 SV=2;0;1;0;0;0;;;x
;12673;;750.4380993;44.98775;0.28565;1498.861646;2;9.915178037;1557.279932;1333.06085;1703.563597;1379.78188;1472.548347;1294.900809;1557.029678;1529.805601;1379.78188;1400.061431;1117;990;915;979;890;45.3697;44.98775;45.00955;45.16808333;44.96336667;;82.08;-0.00115439;-0.770177253;H4_BOVIN;GKGGKGLGKGGAKR;[N-term] Propionyl Heavy N-term (N-term)|[2] EG Acetyl ENKEL K (K)|[2] Propionyl Heavy K (K)|[5] EG Acetyl ENKEL K (K)|[5] Propionyl Heavy K (K)|[9] EG Acetyl ENKEL K (K)|[9] Propionyl Heavy K (K)|[13] EG Acetyl ENKEL K (K)|[13] Propionyl Heavy K (K);sp|P62803|H4_BOVIN Histone H4 OS=Bos taurus OX=9913 PE=1 SV=2;2;1;2;1;2;x;x;
;12676;;553.687862;42.75113333;0.261533333;1658.041757;3;20.2276507;1455.386983;1489.938526;1996.509819;1706.187465;1147.589513;1210.175347;1740.264523;1792.872253;1706.187465;1091.098856;1394;1768;1715;1549;1290;43.11988333;42.75113333;42.78593333;43.00855;42.80353333;;46.57;-0.004243446;-2.559305554;H31_BOVIN;KSAPATGGVKKPHR;[N-term] Propionyl Heavy N-term (N-term)|[1] EG Dimethyl enkel K (K)|[1] Propionyl Heavy K (K)|[10] Propionyl Heavy + Me (K) (K)|[10] Propionyl Heavy K (K)|[11] Propionyl Heavy K (K);sp|P68432|H31_BOVIN Histone H3.1 OS=Bos taurus OX=9913 PE=1 SV=2;1;1;0;1;1;;x;x
;12681;;538.0060784;30.57651667;0.20405;1610.996406;3;50.50611662;104.8718944;694.6439075;438.3318333;445.7342226;394.6691042;87.20249844;811.351695;393.6233992;445.7342226;375.2413236;269;610;381;592;336;30.90948333;30.57651667;30.4848;30.61753333;30.43293333;;---;-0.007694252;-4.776059672;H31_BOVIN;KSAPATGGVKKPHR;[N-term] Propionyl Heavy N-term (N-term)|[1] EG Dimethyl enkel K (K)|[1] Propionyl Heavy K (K)|[10] EG Dimethyl enkel K (K)|[10] Propionyl Heavy K (K)|[11] Propionyl Heavy K (K);sp|P68432|H31_BOVIN Histone H3.1 OS=Bos taurus OX=9913 PE=1 SV=2;0;0;0;0;0;;x;x
29;12684;3;777.4867157;53.72546667;0.637666667;1552.958879;2;10.24664596;320366.0472;247088.8092;263426.702;290454.9226;299553.2252;266389.0063;288602.4364;236558.0275;290454.9226;284807.5704;348487;382247;322843;327260;355752;54.07631667;53.72546667;53.86656667;54.05981667;53.67276667;;;;;;;;;0;0;0;0;0;x;x;
30;12686;3;787.0240347;56.42803333;0.809816667;1572.033517;2;8.259094063;436422.9529;362304.2217;358498.4424;391939.1496;406122.2372;362892.0036;423175.3006;321932.7568;391939.1496;386130.6705;358415;373972;331329;459137;371214;56.76163333;56.42803333;56.51328333;56.71145;56.46286667;;;;;;;;;0;0;0;0;0;x;x;
684;12687;2;771.0028075;52.85621667;0.645066667;1539.991062;2;52.7369567;10955.286;17022.85383;9567.482588;9142.976509;27739.8108;9109.478915;19882.87979;8591.630202;9142.976509;26374.30498;4588;14675;4754;5675;16787;53.22515;52.85621667;52.9609;53.17295;52.86953333;;;;;;;;;0;0;0;0;0;x;x;
816;12688;2;761.4653378;50.29581667;0.373366667;1520.916123;2;28.58381211;7708.358583;9810.298781;6669.77199;7363.392648;12935.96384;6409.611759;11458.53646;5989.476745;7363.392648;12299.18466;4423;10016;4989;6044;13587;50.74885;50.29581667;50.40478333;50.6012;50.3522;;;;;;;;;0;0;0;0;0;x;x;
2559;12689;1;761.971819;49.80585;0.307533333;1521.929085;2;34.13808682;1937.070387;2412.150849;2099.621053;2275.312017;4096.992225;1610.70207;2817.41862;1885.466473;2275.312017;3895.31577;1421;2045;1031;1400;1811;50.26826667;49.80585;49.91273333;50.10205;49.81363333;;;;;;;;;0;0;0;0;0;x;x;
4208;12690;1;771.4880981;52.11886667;0.382866667;1540.961643;2;20.35495421;730.4219343;1052.317968;726.0742798;924.1824903;1138.211711;607.356413;1229.118917;652.0170436;924.1824903;1082.18268;979;1405;576;865;695;52.51211667;52.11886667;52.31605;52.41196667;52.17073333;;;;;;;;;0;0;0;0;0;x;x;
12657;12691;1;778.5064203;53.27391667;0.320683333;1554.998288;2;20.34463778;89928.24349;54136.54672;72126.89987;84599.72287;63040.06806;74776.6364;63232.07973;64770.18857;84599.72287;59936.88973;53035;56272;40677;51490;48549;53.71498333;53.27391667;53.44766667;53.59508333;53.2513;;;;;;;;;0;0;0;0;0;x;x;
12666;12692;2;768.4823724;50.96705;0.627633333;1534.950192;2;21.25121195;98777.80218;60402.00834;67622.74863;65881.83588;86122.87369;82135.17257;70550.20754;60725.44624;65881.83588;81883.4329;86162;94102;75340;84078;85606;51.3849;50.96705;51.05838333;51.23701667;50.97565;;;;;;;;;0;0;0;0;0;x;x;
12668;12693;1;768.9831959;50.4195;0.3058;1535.951839;2;17.1991982;12635.80368;8169.722403;8880.35218;10725.01203;10782.4467;10506.8537;9542.325279;7974.584882;10725.01203;10251.67546;4402;5588;4152;5312;5321;50.85303333;50.4195;50.51455;50.70145;50.46045;;;;;;;;;0;0;0;0;0;x;x;
12670;12694;2;758.9633967;47.94953333;0.548333333;1515.91224;2;22.8413775;21663.85998;13676.16001;13389.07267;13952.04072;14325.71521;18013.81321;15973.90474;12023.43041;13952.04072;13620.52484;10871;8984;7947;9393;11385;48.40373333;47.94953333;48.07698333;48.293;47.98036667;;;;;;;;;0;0;0;0;0;x;x;
6;12698;3;548.009457;38.6047;0.536766667;1641.006542;3;11.13869033;620992.9112;637043.0278;801564.752;755994.5225;676295.3187;516364.596;744073.2363;719807.7309;755994.5225;643004.3493;775926;780838;757812;790512;736008;38.89483333;38.6047;38.65541667;38.80268333;38.57555;;;;;;;;;0;0;0;0;0;;x;x
31;12699;2;553.0073853;41.95463333;0.52615;1656.000326;3;9.863019368;271413.069;230709.0582;297978.9771;292705.5674;287433.0848;225683.8962;269470.7078;267586.0819;292705.5674;273284.0499;293121;422780;308199;352604;335316;42.26465;41.95463333;41.89116667;42.18238333;41.90671667;;;;;;;;;0;0;0;0;0;;x;x
43;12700;2;838.5350229;48.92001667;0.499133333;1675.055493;2;11.32510316;181233.5492;221357.8279;250745.764;221926.6139;225914.1386;150698.32;258548.3684;225170.5043;221926.6139;214793.4041;227734;324369;259245;269993;275550;49.38958333;48.92001667;49.0445;49.21795;48.9356;;;;;;;;;0;0;0;0;0;;x;x
47;12702;2;403.2589009;31.61491667;0.57075;1609.006498;4;8.489253055;229583.5809;254740.1515;271349.4203;276731.2166;233112.3697;190902.0713;297539.2881;243672.6541;276731.2166;221637.2987;219178;335676;236089;268092;240912;31.87231667;31.61491667;31.50916667;31.72573333;31.5495;;;;;;;;;0;0;0;0;0;;x;x
48;12703;2;553.0240139;45.19021667;0.47965;1656.050212;3;17.24859938;197298.7214;201981.4089;281216.5579;187241.1261;227139.4324;164056.7433;235916.4987;252533.3754;187241.1261;215958.3822;252605;345691;289163;292167;286163;45.54385;45.19021667;45.22723333;45.34936667;45.23908333;;;;;;;;;0;0;0;0;0;;x;x
49;12704;3;548.0163291;41.42848333;0.693583333;1641.027158;3;7.081735647;170986.5702;199102.2667;194000.0963;198792.9345;207290.761;142177.8086;232553.629;174212.7118;198792.9345;197086.7714;221956;283013;247454;254860;233029;41.69061667;41.42848333;41.44085;41.64088333;41.40206667;;;;;;;;;0;0;0;0;0;;x;x
56;12705;3;845.0447272;53.02661667;0.434466667;1688.074902;2;10.70748558;159255.0622;184886.9808;176961.7229;165582.7305;208339.2448;132422.8899;215950.0193;158912.1975;165582.7305;198083.6431;249136;315011;192844;242469;238773;53.43738333;53.02661667;53.1363;53.38783333;53.04388333;;;;;;;;;0;0;0;0;0;;x;x
154;12706;1;553.3435161;41.05331667;0.622516667;1657.008719;3;9.005995705;51898.43363;40674.37173;47033.54963;49863.83533;48998.3632;43154.29892;47508.11183;42236.27917;49863.83533;46586.3947;74873;126664;86109;95592;87770;41.42173333;41.05331667;40.98181667;41.31065;41.07403333;;;;;;;;;0;0;0;0;0;;x;x
155;12707;2;557.6825437;41.58155;0.356866667;1670.025802;3;9.750576546;47252.26291;52373.61633;41664.98933;41829.549;44769.10751;39290.9407;61172.95771;37415.29472;41829.549;42565.32619;52061;94079;53506;62731;63203;41.9115;41.58155;41.5844;41.8063;41.55448333;;;;;;;;;0;0;0;0;0;;x;x
270;12709;2;845.5331495;52.3474;0.492466667;1689.051746;2;15.41934343;41396.67285;29300.72904;29127.59645;33050.76026;31165.90628;34421.9328;34223.57256;26156.6755;33050.76026;29631.74922;37017;53415;30424;41147;36906;52.72153333;52.3474;52.4727;52.58905;52.35266667;;;;;;;;;0;0;0;0;0;;x;x
456;12710;2;822.0173244;38.44038333;0.442283333;1642.020096;2;8.532388336;27200.0664;29290.31913;28747.09795;23360.41658;27315.24492;22617.249;34211.41367;25814.98662;23360.41658;25970.63857;18227;20847;13510;10475;15370;38.72926667;38.44038333;38.427;38.5997;38.39058333;;;;;;;;;0;0;0;0;0;;x;x
466;12711;2;852.5498046;56.22681667;0.6253;1703.085056;2;4.030214145;27903.84879;31179.99064;29761.62545;30145.42547;30216.92819;23202.45424;36418.5707;26726.03558;30145.42547;28729.48505;16135;23703;20076;22474;16221;56.62041667;56.22681667;56.27788333;56.56065;56.23695;;;;;;;;;0;0;0;0;0;;x;x
511;12712;1;537.6728565;31.91443333;0.5363;1609.99674;3;13.96028357;28577.31625;35584.20584;31555.21087;27611.33381;24729.54189;23762.45219;41562.7423;28336.68108;27611.33381;23512.21804;11025;22541;13871;11506;21630;32.18946667;31.91443333;31.88836667;32.03751667;31.8428;;;;;;;;;0;0;0;0;0;;x;x
1077;12713;1;542.3348326;38.76081667;0.349066667;1623.982668;3;25.53439932;6292.899465;3277.340483;4620.092544;4951.887568;3746.615613;5232.63701;3827.969593;4148.857996;4951.887568;3562.186618;4674;6125;4614;5421;4725;39.02955;38.76081667;38.78875;38.9549;38.71775;;;;;;;;;0;0;0;0;0;;x;x
1322;12714;1;548.6828201;37.72991667;0.297266667;1643.026631;3;23.37161524;3534.994148;3431.620102;3710.222724;4767.467292;2422.786194;2939.398812;4008.169878;3331.791965;4767.467292;2303.523353;2877;5146;3604;5539;2695;38.00606667;37.72991667;37.63826667;37.8916;37.6308;;;;;;;;;0;0;0;0;0;;x;x
1407;12715;1;559.6909558;48.93038333;0.323416667;1676.051038;3;18.1763154;3098.581438;3863.393466;5169.764162;4185.729875;4136.305002;2576.515326;4512.485898;4642.464881;4185.729875;3932.693355;2937;3790;4177;3926;3484;49.41213333;48.93038333;49.05571667;49.22733333;48.94565;;;;;;;;;0;0;0;0;0;;x;x
1411;12716;1;829.5239186;41.81368333;0.3174;1657.033284;2;17.97553266;8188.816183;6355.62792;9705.928355;8243.172195;10309.66147;6809.11921;7423.443047;8715.954948;8243.172195;9802.163318;4134;4730;3915;3574;4296;42.13718333;41.81368333;41.79706667;42.02181667;41.7971;;;;;;;;;0;0;0;0;0;;x;x
1577;12717;1;564.3595999;53.0953;0.289933333;1690.05697;3;4.382226435;2825.415127;2784.039567;2955.894637;2633.394791;2900.426903;2349.373583;3251.788718;2654.402912;2633.394791;2757.651963;3085;3505;2421;3442;2138;53.54305;53.0953;53.22548333;53.44043333;53.09638333;;;;;;;;;0;0;0;0;0;;x;x
1621;12718;2;829.0069568;49.49381667;0.333133333;1655.999361;2;48.0631037;3668.746373;6610.655389;2771.109294;2516.21286;7147.246048;3050.615723;7721.317926;2488.465078;2516.21286;6795.419348;1962;4971;1749;2054;4363;49.90148333;49.49381667;49.53965;49.71601667;49.48541667;;;;;;;;;0;0;0;0;0;;x;x
1635;12719;1;829.5274105;45.2967;0.396366667;1657.040268;2;24.52797657;5561.27426;5293.602338;8314.016647;4687.257037;5260.242559;4624.28006;6182.985531;7466.013747;4687.257037;5001.304534;4296;3507;3482;2333;2465;45.68101667;45.2967;45.36435;45.5348;45.35435;;;;;;;;;0;0;0;0;0;;x;x
1801;12720;1;822.523689;41.32031667;0.36505;1643.032825;2;7.92719903;5342.31057;5130.243894;5029.496193;5143.456678;6074.068715;4442.208582;5992.181079;4516.503793;5143.456678;5775.069698;2448;2992;2064;2457;2492;41.59351667;41.32031667;41.34858333;41.51198333;41.31576667;;;;;;;;;0;0;0;0;0;;x;x
1806;12721;1;537.6670351;38.1496;0.28985;1609.979276;3;42.83874368;2274.857495;3749.355572;1973.994748;1537.15922;4264.882083;1891.576942;4379.288389;1772.653646;1537.15922;4054.941166;2258;5770;2480;2018;5833;38.46226667;38.1496;38.05733333;38.28403333;38.01411667;;;;;;;;;0;0;0;0;0;;x;x
1891;12722;3;552.6900675;44.41676667;0.412466667;1655.048373;3;9.611775217;3290.140466;2764.26341;3118.966322;3420.024609;3572.628007;2735.79943;3228.68995;2800.84181;3420.024609;3396.763638;2177;3520;2252;3314;2272;44.7502;44.41676667;44.37573333;44.60825;44.41398333;;;;;;;;;0;0;0;0;0;;x;x
2059;12723;1;829.5290106;38.27456667;0.1712;1657.043468;2;24.32765938;3861.388837;4115.301636;2505.854795;2397.122847;3087.275525;3210.800721;4806.717401;2250.265683;2397.122847;2935.30287;2311;3920;2278;2284;2851;38.6113;38.27456667;38.2119;38.43731667;38.20603333;;;;;;;;;0;0;0;0;0;;x;x
2167;12724;1;822.5061746;45.59075;0.35595;1642.997796;2;40.61223627;3327.606697;4620.239862;2411.611222;2449.101525;5957.837733;2766.953144;5396.490782;2165.63465;2449.101525;5664.560242;1396;3649;1506;1499;3807;45.9243;45.59075;45.6806;45.82561667;45.64566667;;;;;;;;;0;0;0;0;0;;x;x
2707;12725;1;403.5043335;30.46545;0.2673;1609.988228;4;13.20315315;1771.13943;2239.053037;2366.983026;2567.097468;2181.615891;1472.728077;2615.23848;2125.558387;2567.097468;2074.224777;1415;2332;1425;3740;1866;30.80158333;30.46545;30.38331667;30.51636667;30.33083333;;;;;;;;;0;0;0;0;0;;x;x
3944;12726;1;836.5266282;41.43836667;0.2257;1671.038703;2;13.76536488;1394.867469;1253.081745;1131.684191;993.5051981;1376.043497;1159.852494;1463.613207;1016.256051;993.5051981;1308.30708;702;1001;771;963;952;41.70353333;41.43836667;41.44946667;41.64603333;41.41085;;;;;;;;;0;0;0;0;0;;x;x
4621;12727;1;829.5298475;41.07045;0.275283333;1657.045142;2;19.85105494;903.890115;579.1988877;562.4116161;731.1942471;749.8678415;751.5977167;676.5106469;505.047444;731.1942471;712.9552284;722;1136;893;1051;1013;41.42936667;41.07045;40.99343333;41.32661667;41.09823333;;;;;;;;;0;0;0;0;0;;x;x
5564;12728;1;829.5110118;46.13233333;0.24825;1657.007471;2;16.59326944;937.3225695;1098.237063;1009.083508;1272.132889;820.2908217;779.3972866;1282.752922;906.1602423;1272.132889;779.9116029;587;1058;808;839;820;46.53601667;46.13233333;46.25878333;46.46326667;46.11923333;;;;;;;;;0;0;0;0;0;;x;x
12677;12729;1;558.0170646;43.07398333;0.2623;1671.029364;3;12.46590739;5275.045731;5978.347585;7377.818876;6105.077922;6606.247863;4386.276894;6982.775482;6625.305131;6105.077922;6281.052065;5570;6380;6016;6136;5368;43.4429;43.07398333;43.0921;43.32396667;43.06448333;;;;;;;;;0;0;0;0;0;;x;x
12680;12730;2;553.0066853;38.2006;0.319783333;1655.998226;3;12.28466085;139640.1458;137215.9445;105555.4881;118493.3092;112707.9917;116112.8029;160269.7266;94789.16855;118493.3092;107159.8854;228142;403468;287002;297932;263485;38.53415;38.2006;38.10991667;38.34503333;38.06918333;;;;;;;;;0;0;0;0;0;;x;x
12682;12731;1;558.0144551;41.3303;0.278533333;1671.021536;3;19.30799021;13046.83771;18696.49081;21286.91756;15185.61734;15585.51228;10848.63444;21837.70612;19115.72059;15185.61734;14818.30778;14740;28818;22523;18655;19995;41.60216667;41.3303;41.35925;41.52165;41.32086667;;;;;;;;;0;0;0;0;0;;x;x
12683;12732;1;407.0106807;31.6848;0.519783333;1624.013617;4;5.622975436;34555.07763;32739.97264;36875.52304;37387.07788;37056.94059;28733.04732;38240.64676;33114.33855;37387.07788;35232.79448;23812;40789;26993;31102;27648;31.93008333;31.6848;31.59945;31.80205;31.63175;;;;;;;;;0;0;0;0;0;;x;x
